#rname	startpos	endpos	numreads	covbases	coverage	meandepth	meanbaseq	meanmapq
3000988	1	861	2	188	21.8351	0.348432	37.8	255
3000938	1	861	2	188	21.8351	0.348432	37.8	255
3000928	1	831	2	188	22.6233	0.361011	37.8	255
3002320	1	882	10	640	72.5624	1.70068	39.1	255
3001711	1	825	71	755	91.5152	12.8982	39.1	241
3002012	1	1149	43	592	51.5231	5.60836	39.1	255
3001832	1	1146	2	223	19.459	0.26178	39.5	7
3002372	1	900	3	396	44	0.5	34.4	255
3001800	1	828	90	632	76.3285	16.2742	38.9	255
3003163	1	876	8	206	23.516	1.36986	38.8	255
3003109	1	1476	72	1292	87.5339	7.31707	39.2	255
3002415	1	876	4	206	23.516	0.684932	36.9	255
3002528	1	465	4	302	64.9462	1.29032	38.8	255
3002771	1	681	18	476	69.8972	3.96476	38.6	255
3002413	1	876	4	206	23.516	0.684932	36.9	255
3003550	1	1467	4	300	20.4499	0.408998	39.3	255
3002125	1	1146	6	446	38.918	0.78534	39.5	255
3002188	1	1152	20	887	76.9965	2.59896	39.1	255
3000904	1	861	2	188	21.8351	0.348432	37.8	255
3000879	1	783	2	188	24.0102	0.383142	37.8	255
3002762	1	645	18	476	73.7984	4.18605	38.6	255
3001502	1	801	48	747	93.2584	8.98627	39.1	244
3002795	1	657	12	615	93.6073	2.73973	39.2	128
3002053	1	1146	8	446	38.918	1.04712	39.5	255
3002546	1	555	54	413	74.4144	14.5568	39.3	232
3002083	1	1146	6	446	38.918	0.78534	39.5	172
3002350	1	864	25	484	56.0185	4.34028	38.9	255
3000996	1	861	2	188	21.8351	0.348432	37.8	255
3002620	1	780	149	445	57.0513	28.6538	38.8	245
3002778	1	645	18	476	73.7984	4.18605	38.6	255
3001429	1	801	48	747	93.2584	8.98627	39.1	255
3000916	1	861	2	188	21.8351	0.348432	37.8	255
3000887	1	861	2	188	21.8351	0.348432	37.8	255
3001849	1	1146	2	223	19.459	0.26178	39.5	255
3002157	1	1149	14	797	69.3647	1.82768	38.8	255
3002366	1	927	1	150	16.1812	0.161812	39.8	255
3000965	1	861	2	188	21.8351	0.348432	37.8	255
3000979	1	861	2	188	21.8351	0.348432	37.8	255
3002066	1	1146	8	446	38.918	1.04712	39.5	255
3001904	1	876	8	206	23.516	1.36986	38.8	255
3002092	1	1146	6	446	38.918	0.78534	39.5	255
3002067	1	1146	6	446	38.918	0.78534	39.5	255
3002059	1	1146	6	446	38.918	0.78534	39.5	255
3002753	1	645	16	243	37.6744	3.72093	38.5	255
3000972	1	861	2	188	21.8351	0.348432	37.8	255
3000912	1	861	2	188	21.8351	0.348432	37.8	255
3002375	1	900	3	396	44	0.5	34.4	255
3000954	1	861	2	188	21.8351	0.348432	37.8	255
3002733	1	681	18	476	69.8972	3.96476	38.6	255
3002604	1	789	8	544	68.948	1.52091	37.6	140
3000796	1	3114	8	377	12.1066	0.385356	38.9	255
3001045	1	861	2	188	21.8351	0.348432	37.8	255
3001057	1	861	2	188	21.8351	0.348432	37.8	255
3002020	1	1149	43	592	51.5231	5.59095	39.1	255
3002724	1	681	18	476	69.8972	3.96476	38.6	255
3003103	1	765	13	624	81.5686	2.54902	38.7	179
3002612	1	792	127	445	56.1869	24.053	38.8	243
3002676	1	633	6	530	83.7283	1.4218	38.8	255
3000830	1	1374	6	414	30.131	0.655022	38.1	255
3001055	1	861	2	188	21.8351	0.348432	37.8	255
3002318	1	882	10	640	72.5624	1.70068	39.1	255
3000173	1	1218	59	976	80.1314	7.26601	37.9	255
3002050	1	1146	6	446	38.918	0.78534	39.5	255
3000944	1	861	2	188	21.8351	0.348432	37.8	255
3003002	1	966	6	209	21.6356	0.931677	39.5	255
3002036	1	1146	8	446	38.918	1.04712	39.5	255
3002343	1	864	25	484	56.0185	4.34028	38.9	255
3001407	1	795	4	447	56.2264	0.750943	39.5	130
3000983	1	861	2	188	21.8351	0.348432	37.8	255
3001919	1	876	8	206	23.516	1.36986	38.8	255
3001002	1	861	2	188	21.8351	0.348432	37.8	255
3002341	1	864	25	484	56.0185	4.34028	38.9	235
3002117	1	1146	6	446	38.918	0.78534	39.5	255
3002600	1	1005	54	413	41.0945	8.04279	39.3	250
3001383	1	861	2	188	21.8351	0.348432	37.8	255
3001416	1	828	66	421	50.8454	11.9565	38.9	255
3000959	1	861	2	188	21.8351	0.348432	37.8	255
3002112	1	1146	6	446	38.918	0.78534	39.5	255
3002332	1	864	25	484	56.0185	4.34028	38.9	235
3002168	1	1146	2	170	14.8342	0.26178	39.7	255
3001948	1	876	8	206	23.516	1.36986	38.8	255
3003094	1	765	15	624	81.5686	2.94118	38.5	204
3002797	1	657	6	377	57.382	1.36682	39.1	255
3002695	1	1260	56	1046	83.0159	6.65397	39.3	125
3001024	1	861	2	188	21.8351	0.348432	37.8	255
3002032	1	1146	8	446	38.918	1.04712	39.5	255
3002078	1	1146	6	446	38.918	0.78534	39.5	255
3002727	1	681	4	458	67.254	0.881057	37.3	255
3002019	1	1149	43	592	51.5231	5.59095	39.1	255
3002015	1	1143	8	446	39.0201	1.04987	39.5	255
3002751	1	645	18	476	73.7984	4.18605	38.6	255
3002376	1	900	3	396	44	0.5	34.4	255
3000958	1	861	2	188	21.8351	0.348432	37.8	255
3003095	1	768	11	624	81.25	2.14844	38.4	255
3001967	1	861	8	206	23.9257	1.39373	38.8	255
3001874	1	846	8	206	24.3499	1.41844	38.8	255
3002071	1	1146	6	446	38.918	0.78534	39.5	255
3002098	1	1146	6	446	38.918	0.78534	39.5	255
3000883	1	861	2	188	21.8351	0.348432	37.8	255
3000934	1	861	2	188	21.8351	0.348432	37.8	255
3002073	1	1146	8	446	38.918	1.04712	39.5	255
3000888	1	861	2	188	21.8351	0.348432	37.8	255
3003005	1	966	6	209	21.6356	0.931677	39.5	170
3001804	1	798	48	744	93.2331	8.99373	39.1	255
3002111	1	1131	1	144	12.7321	0.127321	39.2	255
3002108	1	1146	6	446	38.918	0.78534	39.5	255
3001384	1	861	2	188	21.8351	0.348432	37.8	255
3001960	1	876	8	206	23.516	1.36986	38.8	255
3002129	1	1146	6	446	38.918	0.78534	39.5	255
3002046	1	1146	6	446	38.918	0.78534	39.5	255
3001041	1	861	2	188	21.8351	0.348432	37.8	255
3001898	1	876	8	206	23.516	1.36986	38.8	255
3001015	1	861	2	188	21.8351	0.348432	37.8	255
3002767	1	645	4	458	71.0078	0.930233	37.3	255
3002346	1	864	25	484	56.0185	4.34028	38.9	255
3003553	1	1149	2	151	13.1419	0.251523	38.5	255
3001032	1	861	2	188	21.8351	0.348432	37.8	255
3002390	1	876	4	206	23.516	0.684932	36.9	255
3002062	1	1146	6	446	38.918	0.78534	39.5	255
3003067	1	1404	2	226	16.0969	0.213675	39.3	255
3002738	1	681	4	458	67.254	0.881057	37.3	255
3002715	1	645	2	234	36.2791	0.465116	38.9	255
3002739	1	681	4	458	67.254	0.881057	37.3	255
3000873	1	861	2	188	21.8351	0.348432	37.8	255
3002757	1	645	18	476	73.7984	4.18605	38.6	255
3000975	1	861	2	188	21.8351	0.348432	37.8	255
3001021	1	861	2	188	21.8351	0.348432	37.8	255
3002096	1	1146	6	446	38.918	0.78534	39.5	255
3000984	1	861	2	188	21.8351	0.348432	37.8	255
3002169	1	1146	2	170	14.8342	0.26178	39.7	255
3001216	1	1209	8	366	30.273	0.992556	34.6	255
3001391	1	861	2	188	21.8351	0.348432	37.8	255
3002790	1	657	6	377	57.382	1.36682	39.1	255
3002774	1	645	18	476	73.7984	4.18605	38.6	255
3001797	1	801	6	206	25.7179	1.1236	39.8	255
3000792	1	1248	3	406	32.5321	0.360577	37.4	255
3002783	1	645	18	476	73.7984	4.18605	38.6	255
3002794	1	657	6	377	57.382	1.36682	39.1	255
3000937	1	861	2	188	21.8351	0.348432	37.8	255
3002181	1	1146	2	170	14.8342	0.26178	39.7	255
3000903	1	861	2	188	21.8351	0.348432	37.8	255
3002720	1	681	18	476	69.8972	3.96476	38.6	255
3001864	1	876	8	206	23.516	1.36986	38.8	255
3000874	1	861	2	188	21.8351	0.348432	37.8	255
3002162	1	1149	12	600	52.2193	1.56658	38.7	212
3001373	1	861	2	188	21.8351	0.348432	37.8	255
3002410	1	873	4	206	23.5968	0.687285	36.9	255
3002591	1	519	54	413	79.5761	15.5665	39.3	217
3000893	1	858	2	188	21.9114	0.34965	37.8	255
3002801	1	657	3	304	46.2709	0.649924	39.5	0
3002314	1	882	10	640	72.5624	1.70068	39.1	255
3002040	1	1143	8	446	39.0201	1.04987	39.5	255
3001408	1	801	48	747	93.2584	8.98627	39.1	255
3001892	1	876	8	206	23.516	1.36986	38.8	255
3001018	1	861	2	188	21.8351	0.348432	37.8	255
3000990	1	861	2	188	21.8351	0.348432	37.8	255
3002533	1	861	2	227	26.3647	0.348432	40	255
3002338	1	864	25	484	56.0185	4.34028	38.9	245
3002336	1	864	25	484	56.0185	4.34028	38.9	255
3002764	1	681	2	234	34.3612	0.440529	38.9	255
3001051	1	861	2	188	21.8351	0.348432	37.8	255
3000166	1	1206	2	228	18.9055	0.248756	39.9	255
3003071	1	900	8	413	45.8889	1.33333	39.6	255
3001048	1	861	2	188	21.8351	0.348432	37.8	255
3000951	1	861	2	188	21.8351	0.348432	37.8	255
3002324	1	876	10	634	72.3744	1.69863	39.1	255
3002039	1	1146	6	446	38.918	0.78534	39.5	255
3000194	1	1920	4	331	17.2396	0.310937	39.5	128
3002326	1	882	10	640	72.5624	1.70068	39.1	255
3002732	1	681	18	476	69.8972	3.96476	38.6	255
3002617	1	792	123	445	56.1869	23.2955	39.1	224
3001930	1	876	8	206	23.516	1.36986	38.8	255
3000921	1	861	2	188	21.8351	0.348432	37.8	255
3002155	1	1149	12	600	52.2193	1.56658	38.7	255
3003105	1	489	2	183	37.4233	0.613497	39.2	255
3001943	1	876	8	206	23.516	1.36986	38.8	255
3002024	1	1146	6	446	38.918	0.78534	39.5	255
3001822	1	1146	2	223	19.459	0.26178	39.5	255
3000962	1	861	2	188	21.8351	0.348432	37.8	255
3002772	1	681	18	476	69.8972	3.96476	38.6	255
3000254	1	1539	2	240	15.5945	0.194932	38.9	255
3000997	1	861	2	188	21.8351	0.348432	37.8	255
3000969	1	861	2	188	21.8351	0.348432	37.8	255
3002351	1	864	25	484	56.0185	4.34028	38.9	255
3002716	1	681	18	476	69.8972	3.96476	38.6	255
3000970	1	861	2	188	21.8351	0.348432	37.8	255
3002084	1	1146	6	446	38.918	0.78534	39.5	255
3001977	1	876	8	206	23.516	1.36986	38.8	255
3001047	1	858	2	188	21.9114	0.34965	37.8	255
3001426	1	828	90	632	76.3285	16.2742	38.9	249
3002170	1	1146	2	170	14.8342	0.26178	39.7	255
3000973	1	861	2	188	21.8351	0.348432	37.8	255
3002734	1	645	18	476	73.7984	4.18605	38.6	114
3002160	1	1149	12	600	52.2193	1.56658	38.7	255
3002618	1	792	145	445	56.1869	27.4621	38.8	255
3000939	1	861	2	188	21.8351	0.348432	37.8	255
3001012	1	861	2	188	21.8351	0.348432	37.8	255
3002756	1	681	18	476	69.8972	3.96476	38.6	255
3002013	1	1146	8	446	38.918	1.04712	39.5	255
3001329	1	1227	8	538	43.8468	0.977995	38.5	255
3001378	1	861	2	188	21.8351	0.348432	37.8	255
3002373	1	900	3	396	44	0.5	34.4	255
3001710	1	825	71	755	91.5152	12.8982	39.1	214
3001801	1	801	48	747	93.2584	8.98627	39.1	255
3002761	1	681	2	234	34.3612	0.440529	38.9	255
3000892	1	858	2	188	21.9114	0.34965	37.8	255
3001856	1	1146	6	446	38.918	0.78534	39.5	255
3002414	1	873	4	206	23.5968	0.687285	36.9	255
3003197	1	792	106	445	56.1869	20.0758	38.9	250
3000956	1	834	2	188	22.542	0.359712	37.8	255
3002333	1	864	25	484	56.0185	4.34028	38.9	255
3002601	1	792	145	445	56.1869	27.4621	39	202
3003576	1	1644	2	274	16.6667	0.182482	39.9	255
3002116	1	1146	6	446	38.918	0.78534	39.5	255
3001028	1	861	2	188	21.8351	0.348432	37.8	255
3002054	1	1146	8	446	38.918	1.04712	39.5	255
3000882	1	861	2	188	21.8351	0.348432	37.8	255
3001896	1	876	8	206	23.516	1.36986	38.8	255
3001821	1	1146	2	223	19.459	0.26178	39.5	255
3002177	1	1146	2	170	14.8342	0.26178	39.7	255
3002038	1	1146	8	446	38.918	1.04712	39.5	255
3001410	1	828	90	632	76.3285	16.2742	38.9	244
3002065	1	1152	8	446	38.7153	1.04167	39.5	255
3000982	1	861	2	188	21.8351	0.348432	37.8	255
3002793	1	657	6	377	57.382	1.36682	39.1	255
3002088	1	1146	6	446	38.918	0.78534	39.5	255
3002183	1	1149	49	771	67.1018	6.38555	39.1	188
3001025	1	861	2	188	21.8351	0.348432	37.8	255
3002079	1	1146	6	446	38.918	0.78534	39.5	255
3001382	1	858	2	188	21.9114	0.34965	37.8	255
3002798	1	657	6	377	57.382	1.36682	39.1	255
3002127	1	1146	6	446	38.918	0.78534	39.5	255
3001390	1	858	2	188	21.9114	0.34965	37.8	255
3002747	1	645	18	476	73.7984	4.18605	38.6	255
3002044	1	1140	6	440	38.5965	0.784211	39.5	255
3001423	1	801	48	747	93.2584	8.98627	39.1	255
3002340	1	864	25	484	56.0185	4.34028	38.9	255
3000900	1	861	2	188	21.8351	0.348432	37.8	255
3002736	1	645	16	243	37.6744	3.72093	38.5	255
3003001	1	966	6	209	21.6356	0.931677	39.5	255
3002051	1	1146	6	446	38.918	0.78534	39.5	255
3001394	1	861	2	188	21.8351	0.348432	37.8	255
3002319	1	852	10	640	75.1174	1.76056	39.1	255
3002093	1	1146	6	446	38.918	0.78534	39.5	255
3000878	1	861	2	188	21.8351	0.348432	37.8	255
3002342	1	864	25	484	56.0185	4.34028	38.9	255
3001917	1	876	8	206	23.516	1.36986	38.8	255
3002156	1	1149	12	600	52.2193	1.56658	38.7	130
3002721	1	645	18	476	73.7984	4.18605	38.6	255
3002321	1	882	10	640	72.5624	1.70068	39.1	255
3002035	1	1146	8	446	38.918	1.04712	39.5	255
3002124	1	1146	6	446	38.918	0.78534	39.5	255
3002740	1	645	16	243	37.6744	3.72093	38.5	255
3002043	1	1146	8	446	38.918	1.04712	39.5	255
3002389	1	876	4	206	23.516	0.684932	36.9	255
3000924	1	861	2	188	21.8351	0.348432	37.8	255
3003100	1	765	13	624	81.5686	2.54902	38.7	99.8
3001037	1	861	2	188	21.8351	0.348432	37.8	255
3000896	1	861	2	188	21.8351	0.348432	37.8	255
3002021	1	1149	43	592	51.5231	5.60836	39.1	255
3000976	1	861	2	188	21.8351	0.348432	37.8	255
3001398	1	828	66	421	50.8454	11.9565	38.9	255
3003166	1	876	8	206	23.516	1.36986	38.8	255
3001929	1	876	8	206	23.516	1.36986	38.8	255
3000793	1	3123	6	601	19.2443	0.288184	38.4	255
3000950	1	861	2	188	21.8351	0.348432	37.8	255
3003096	1	966	6	209	21.6356	0.931677	39.5	255
3000935	1	861	2	188	21.8351	0.348432	37.8	255
3002055	1	1134	6	434	38.2716	0.783069	39.5	255
3002031	1	1143	6	446	39.0201	0.787402	39.5	255
3002728	1	681	18	476	69.8972	3.96476	38.6	255
3002128	1	1146	6	446	38.918	0.78534	39.5	255
3001029	1	861	2	188	21.8351	0.348432	37.8	255
3001968	1	861	8	206	23.9257	1.39373	38.8	255
3002775	1	681	18	476	69.8972	3.96476	38.6	255
3002072	1	1146	8	446	38.918	1.04712	39.5	255
3001005	1	861	2	188	21.8351	0.348432	37.8	255
3000911	1	843	2	188	22.3013	0.355872	37.8	255
3002369	1	927	1	150	16.1812	0.161812	39.8	255
3002074	1	1143	8	446	39.0201	1.04987	39.5	255
3000518	1	633	1	149	23.5387	0.235387	39.9	255
3002329	1	882	10	640	72.5624	1.70068	39.1	255
3003056	1	3123	1	150	4.80307	0.0480307	39	255
3002000	1	876	8	206	23.516	1.36986	38.8	255
3001374	1	861	2	188	21.8351	0.348432	37.8	255
3000931	1	861	2	188	21.8351	0.348432	37.8	255
3002087	1	1146	8	446	38.918	1.04712	39.5	255
3002103	1	1146	6	446	38.918	0.78534	39.5	255
3002378	1	900	3	396	44	0.5	34.4	255
3002997	1	783	2	204	26.0536	0.383142	39.7	255
3001997	1	876	8	206	23.516	1.36986	38.8	255
3001400	1	804	4	257	31.9652	0.746269	39.2	255
3002061	1	1146	6	446	38.918	0.78534	39.5	255
3002416	1	876	4	206	23.516	0.684932	36.9	255
3001430	1	738	90	632	85.6369	18.2588	38.9	238
3000918	1	861	2	188	21.8351	0.348432	37.8	255
3002363	1	927	1	150	16.1812	0.161812	39.8	255
3001019	1	861	2	188	21.8351	0.348432	37.8	255
3002599	1	987	57	547	55.4205	8.60993	39.2	233
3002325	1	882	10	640	72.5624	1.70068	39.1	255
3002339	1	864	25	484	56.0185	4.34028	38.9	255
3002337	1	864	25	484	56.0185	4.34028	38.9	214
3002782	1	645	18	476	73.7984	4.18605	38.6	255
3000987	1	861	2	188	21.8351	0.348432	37.8	255
3002330	1	864	25	484	56.0185	4.34028	38.9	255
3002763	1	645	4	458	71.0078	0.930233	37.3	255
3000412	1	816	13	584	71.5686	2.38971	39.1	255
3000955	1	861	2	188	21.8351	0.348432	37.8	255
3001001	1	861	2	188	21.8351	0.348432	37.8	255
3002082	1	1146	6	446	38.918	0.78534	39.5	255
3001811	1	804	4	257	31.9652	0.746269	39.2	35
3001521	1	825	65	755	91.5152	11.8182	39.1	227
3002180	1	1146	2	170	14.8342	0.26178	39.7	1
3002377	1	900	3	396	44	0.5	34.4	255
3000167	1	1191	30	940	78.9253	3.75567	38.7	255
3002694	1	1260	56	1046	83.0159	6.65397	39.3	255
3002034	1	1146	8	446	38.918	1.04712	39.5	255
3002714	1	645	18	476	73.7984	4.18605	38.6	255
3001922	1	876	8	206	23.516	1.36986	38.8	255
3000963	1	861	2	188	21.8351	0.348432	37.8	255
3001369	1	861	2	188	21.8351	0.348432	37.8	255
3002349	1	864	25	484	56.0185	4.34028	38.9	255
3002163	1	1149	14	797	69.3647	1.82768	38.8	220
3000361	1	1221	10	683	55.9378	1.22359	37	111
3002580	1	612	57	550	89.8693	13.9003	39.2	251
3002090	1	1146	6	446	38.918	0.78534	39.5	255
3002592	1	519	54	413	79.5761	15.5665	39.3	236
3002577	1	555	54	413	74.4144	14.5568	39.3	236
3001386	1	861	2	188	21.8351	0.348432	37.8	255
3000899	1	858	2	188	21.9114	0.34965	37.8	255
3002315	1	882	10	640	72.5624	1.70068	39.1	204
3001916	1	876	8	206	23.516	1.36986	38.8	255
3000898	1	861	2	188	21.8351	0.348432	37.8	255
3001000	1	861	2	188	21.8351	0.348432	37.8	255
3002114	1	1146	6	446	38.918	0.78534	39.5	255
3002660	1	837	74	731	87.3357	13.1959	38.7	255
3002693	1	1260	56	1046	83.0159	6.65397	39.3	187
3002699	1	1266	6	367	28.9889	0.702212	39.3	255
3001884	1	876	8	206	23.516	1.36986	38.8	255
3002182	1	1149	43	592	51.5231	5.59095	39.1	255
3001974	1	876	8	206	23.516	1.36986	38.8	255
3000981	1	783	2	188	24.0102	0.383142	37.8	255
3002576	1	555	54	413	74.4144	14.5568	39.3	255
3000410	1	840	185	769	91.5476	32.9512	38.8	255
3001431	1	801	2	218	27.216	0.374532	39.9	255
3000891	1	858	2	188	21.9114	0.34965	37.8	255
3001799	1	828	90	632	76.3285	16.2742	38.9	249
3002052	1	1146	6	446	38.918	0.78534	39.5	255
3002025	1	1146	6	446	38.918	0.78534	39.5	255
3001035	1	858	2	188	21.9114	0.34965	37.8	255
3000946	1	861	2	188	21.8351	0.348432	37.8	255
3002744	1	681	4	458	67.254	0.881057	37.3	255
3002028	1	1146	6	446	38.918	0.78534	39.5	255
3000216	1	3150	14	1087	34.5079	0.666667	39	255
3001397	1	828	90	632	76.3285	16.2742	38.9	213
3002161	1	1149	14	797	69.3647	1.82768	38.8	255
3001046	1	861	2	188	21.8351	0.348432	37.8	255
3002030	1	1149	43	592	51.5231	5.59095	39.1	255
3000566	1	1188	32	1123	94.5286	4.03788	39.2	255
3002171	1	1146	2	170	14.8342	0.26178	39.7	255
3000957	1	861	2	188	21.8351	0.348432	37.8	255
3002858	1	498	4	247	49.5984	1.20482	36.3	255
3002099	1	1146	6	446	38.918	0.78534	39.5	255
3001402	1	801	48	743	92.7591	8.95755	39.1	255
3001022	1	861	2	188	21.8351	0.348432	37.8	255
3002076	1	1146	6	446	38.918	0.78534	39.5	170
3002481	1	915	22	864	94.4262	3.57705	39.2	255
3002802	1	657	3	304	46.2709	0.649924	39.5	255
3001499	1	801	48	747	93.2584	8.98627	39.1	255
3002313	1	882	10	640	72.5624	1.70068	39.1	255
3001013	1	861	2	188	21.8351	0.348432	37.8	255
3000993	1	861	2	188	21.8351	0.348432	37.8	255
3002615	1	792	123	445	56.1869	23.2955	39.1	230
3002107	1	1146	6	446	38.918	0.78534	39.5	255
3002174	1	1146	2	170	14.8342	0.26178	39.7	255
3002057	1	1146	6	446	38.918	0.78534	39.5	255
3000923	1	861	2	188	21.8351	0.348432	37.8	255
3002322	1	882	10	640	72.5624	1.70068	39.1	255
3002094	1	1146	6	446	38.918	0.78534	39.5	255
3001214	1	1233	3	357	28.9538	0.364964	38.5	255
3002370	1	900	3	396	44	0.5	34.4	255
3001411	1	774	48	737	95.2196	9.15245	39.1	255
3001890	1	876	8	206	23.516	1.36986	38.8	255
3002760	1	645	4	458	71.0078	0.930233	37.3	255
3001802	1	828	90	632	76.3285	16.2742	38.9	238
3000998	1	861	2	188	21.8351	0.348432	37.8	255
3003157	1	861	2	188	21.8351	0.348432	37.8	255
3001043	1	858	2	185	21.5618	0.346154	37.7	255
3000778	1	1221	2	238	19.4922	0.2457	38.1	255
3002602	1	780	74	445	57.0513	14.2308	38.8	234
3002041	1	1143	8	446	39.0201	1.04987	39.5	255
3001895	1	876	8	206	23.516	1.36986	38.8	255
3000616	1	1218	1	150	12.3153	0.123153	40	255
3002178	1	1146	2	170	14.8342	0.26178	39.7	255
3003676	1	555	54	413	74.4144	14.5568	39.3	255
3002064	1	1146	6	446	38.918	0.78534	39.5	255
3001007	1	861	2	188	21.8351	0.348432	37.8	255
3002622	1	834	3	202	24.2206	0.539568	39.7	255
3000316	1	906	41	870	96.0265	6.78808	38.8	255
3002411	1	873	4	206	23.5968	0.687285	36.9	6
3000977	1	861	2	188	21.8351	0.348432	37.8	255
3002085	1	1146	6	446	38.918	0.78534	39.5	255
3002159	1	1149	14	797	69.3647	1.82768	38.8	255
3001956	1	876	8	206	23.516	1.36986	38.8	255
3003165	1	876	8	206	23.516	1.36986	38.8	255
3001775	1	801	6	206	25.7179	1.1236	39.8	6
3002780	1	645	18	476	73.7984	4.18605	38.6	255
3002769	1	681	18	476	69.8972	3.96476	38.6	255
3002167	1	1146	2	170	14.8342	0.26178	39.7	255
3002755	1	645	18	476	73.7984	4.18605	38.6	255
3002126	1	1146	6	446	38.918	0.78534	39.5	255
3002792	1	654	6	377	57.6453	1.37309	39.1	255
3001487	1	828	90	632	76.3285	16.2742	38.9	232
3002345	1	864	25	484	56.0185	4.34028	38.9	255
3000914	1	861	2	188	21.8351	0.348432	37.8	255
3000967	1	861	2	188	21.8351	0.348432	37.8	255
3002316	1	882	10	640	72.5624	1.70068	39.1	255
3001004	1	861	2	188	21.8351	0.348432	37.8	255
3001042	1	861	2	188	21.8351	0.348432	37.8	255
3001969	1	864	8	206	23.8426	1.38889	38.8	255
3001941	1	876	8	206	23.516	1.36986	38.8	255
3002394	1	876	4	206	23.516	0.684932	36.9	255
3002412	1	873	4	206	23.5968	0.687285	36.9	255
3000794	1	3078	12	984	31.9688	0.584795	39	255
3001866	1	876	8	206	23.516	1.36986	38.8	255
3001914	1	876	8	206	23.516	1.36986	38.8	255
3002722	1	645	16	243	37.6744	3.72093	38.5	255
3000960	1	861	2	188	21.8351	0.348432	37.8	255
3001500	1	801	48	747	93.2584	8.98627	39.1	255
3002334	1	864	25	484	56.0185	4.34028	38.9	255
3001016	1	861	2	188	21.8351	0.348432	37.8	255
3001495	1	801	48	747	93.2584	8.98627	39.1	234
3002113	1	1146	8	446	38.918	1.04712	39.5	255
3002581	1	612	57	550	89.8693	13.9003	39.2	233
3000230	1	534	16	484	90.6367	4.49438	39.2	255
3002037	1	1146	8	446	38.918	1.04712	39.5	255
3002022	1	1149	43	592	51.5231	5.60836	39.1	255
3002185	1	1152	20	887	76.9965	2.59896	39.1	230
3001921	1	876	8	206	23.516	1.36986	38.8	255
3002535	1	861	2	227	26.3647	0.348432	40	255
3001053	1	861	2	188	21.8351	0.348432	37.8	255
3003180	1	882	10	640	72.5624	1.70068	39.1	255
3002619	1	792	149	445	56.1869	28.2197	38.8	224
3001406	1	801	48	747	93.2584	8.98627	39.1	244
3002075	1	1146	8	446	38.918	1.04712	39.5	255
3000986	1	858	2	185	21.5618	0.342657	37.7	255
3002017	1	1146	8	446	38.918	1.04712	39.5	255
3001414	1	801	48	747	93.2584	8.98627	39.1	255
3002730	1	681	18	476	69.8972	3.96476	38.6	255
3003610	1	801	48	747	93.2584	8.98627	39.1	244
3002605	1	789	10	676	85.6781	1.85425	37.9	167
3000952	1	861	2	188	21.8351	0.348432	37.8	255
3000886	1	861	2	188	21.8351	0.348432	37.8	255
3000491	1	3114	11	887	28.4843	0.529865	39.6	255
3003099	1	765	11	592	77.3856	2.15686	38.8	255
3002344	1	864	25	484	56.0185	4.34028	38.9	235
3002029	1	1152	6	446	38.7153	0.78125	39.5	255
3002696	1	1260	56	1046	83.0159	6.65397	39.3	210
3000910	1	861	2	188	21.8351	0.348432	37.8	255
3001962	1	876	8	206	23.516	1.36986	38.8	255
3003173	1	1146	2	170	14.8342	0.26178	39.7	255
3001393	1	861	2	188	21.8351	0.348432	37.8	255
3002123	1	1146	6	446	38.918	0.78534	39.5	255
3001023	1	861	2	188	21.8351	0.348432	37.8	255
3002348	1	864	25	484	56.0185	4.34028	38.9	255
3002607	1	798	6	512	64.1604	1.12782	39.2	255
3002741	1	681	18	476	69.8972	3.96476	38.6	255
3000780	1	1251	2	256	20.4636	0.239808	38.5	255
3000502	1	3105	10	825	26.57	0.483092	38.6	255
3001058	1	852	2	188	22.0657	0.352113	37.8	255
3002392	1	873	4	206	23.5968	0.687285	36.9	255
3002190	1	1152	51	781	67.7951	6.62413	39.1	245
3000941	1	783	2	188	24.0102	0.383142	37.8	255
3002048	1	1146	6	446	38.918	0.78534	39.5	255
3002839	1	822	2	161	19.5864	0.364964	39.9	37
3002186	1	1149	49	771	67.1018	6.38555	39.1	229
3001857	1	1146	8	445	38.8307	1.04538	39.5	255
3001829	1	1143	2	223	19.5101	0.262467	39.5	255
3003104	1	765	13	624	81.5686	2.54902	38.7	255
3002374	1	900	3	396	44	0.5	34.4	255
3002060	1	1146	6	446	38.918	0.78534	39.5	255
3002120	1	1146	6	446	38.918	0.78534	39.5	255
3002776	1	645	18	476	73.7984	4.18605	38.6	255
3002056	1	1146	6	446	38.918	0.78534	39.5	255
3002826	1	1227	10	689	56.1532	1.22249	37	164
3001026	1	861	2	188	21.8351	0.348432	37.8	255
3001034	1	861	2	188	21.8351	0.348432	37.8	255
3000994	1	861	2	188	21.8351	0.348432	37.8	255
3000948	1	861	2	188	21.8351	0.348432	37.8	255
3002367	1	927	1	150	16.1812	0.161812	39.8	1
3002027	1	1146	8	446	38.918	1.04712	39.5	255
3002331	1	864	25	484	56.0185	4.34028	38.9	255
3002603	1	792	100	445	56.1869	18.9394	39	255
3002033	1	1146	6	446	38.918	0.78534	39.5	255
3002731	1	681	18	476	69.8972	3.95007	38.6	255
3001475	1	801	48	747	93.2584	8.98627	39.1	255
3001483	1	801	6	206	25.7179	1.1236	39.8	255
3001412	1	801	48	747	93.2584	8.98627	39.1	234
3002723	1	645	18	476	73.7984	4.18605	38.6	255
3001823	1	1146	2	223	19.459	0.26178	39.5	255
3002086	1	1146	6	446	38.918	0.78534	39.5	255
3001894	1	876	8	206	23.516	1.36986	38.8	255
3001405	1	801	48	747	93.2584	8.98627	39.1	239
3002765	1	645	18	476	73.7984	4.18605	38.6	255
3002365	1	927	1	150	16.1812	0.161812	39.8	255
3002077	1	1146	6	446	38.918	0.78534	39.5	255
3002070	1	1146	6	445	38.8307	0.783595	39.5	255
3001439	1	801	48	747	93.2584	8.98627	39.1	255
3003101	1	765	15	624	81.5686	2.94118	38.5	255
3001798	1	801	48	747	93.2584	8.98627	39.1	234
3002049	1	1146	6	446	38.918	0.78534	39.5	255
3001054	1	861	2	188	21.8351	0.348432	37.8	255
3003164	1	876	8	206	23.516	1.36986	38.8	255
3001056	1	861	2	188	21.8351	0.348432	37.8	255
3001932	1	876	8	206	23.516	1.36986	38.8	255
3001915	1	876	8	206	23.516	1.36986	38.8	255
3002091	1	1146	6	446	38.918	0.78534	39.5	255
3002770	1	681	4	458	67.254	0.881057	37.3	255
3002189	1	1152	20	887	76.9965	2.59896	39.1	255
3002122	1	1146	8	446	38.918	1.04712	39.5	255
3002179	1	1146	2	223	19.459	0.26178	39.5	255
3001003	1	861	2	188	21.8351	0.348432	37.8	255
3002026	1	1146	6	446	38.918	0.78534	39.5	255
3000980	1	762	2	180	23.622	0.383202	37.7	255
3001940	1	876	8	206	23.516	1.36986	38.8	255
3000947	1	861	2	188	21.8351	0.348432	37.8	255
3002081	1	1146	6	446	38.918	0.78534	39.5	255
3001388	1	861	2	188	21.8351	0.348432	37.8	255
3002347	1	864	25	484	56.0185	4.34028	38.9	235
3002621	1	780	145	445	57.0513	27.8846	39	213
3002779	1	645	18	476	73.7984	4.18605	38.6	255
3001428	1	771	90	632	81.9715	17.4773	38.9	238
3002042	1	1146	8	446	38.918	1.04712	39.5	255
3001006	1	861	2	188	21.8351	0.348432	37.8	255
3000999	1	861	2	188	21.8351	0.348432	37.8	255
3002166	1	1146	2	170	14.8342	0.26178	39.7	255
3002068	1	1146	8	446	38.918	1.04712	39.5	255
3001803	1	801	48	747	93.2584	8.98627	39.1	234
3000978	1	861	2	188	21.8351	0.348432	37.8	255
3002993	1	1143	6	386	33.7708	0.784777	38.6	171
3001375	1	861	2	188	21.8351	0.348432	37.8	255
3000964	1	861	2	188	21.8351	0.348432	37.8	255
3002158	1	1149	12	600	52.2193	1.56658	38.7	214
3001927	1	876	8	206	23.516	1.36986	38.8	255
3001606	1	828	90	632	76.3285	16.2742	38.9	241
3002353	1	864	25	484	56.0185	4.34028	38.9	235
3000922	1	861	2	188	21.8351	0.348432	37.8	255
3002115	1	1146	6	446	38.918	0.78534	39.5	255
3001885	1	876	8	206	23.516	1.36986	38.8	255
3002106	1	1146	8	446	38.918	1.04712	39.5	255
3000027	1	1173	4	214	18.2438	0.511509	39.4	255
3002750	1	645	16	243	37.6744	3.72093	38.5	255
3002616	1	846	4	448	52.9551	0.70922	39.7	255
3001795	1	801	48	746	93.1336	8.98002	39.1	255
3002002	1	876	8	206	23.516	1.36986	38.8	255
3000989	1	861	2	188	21.8351	0.348432	37.8	255
3000890	1	861	2	188	21.8351	0.348432	37.8	255
3002611	1	846	3	202	23.8771	0.531915	39.7	89
3002796	1	657	6	377	57.382	1.36682	39.1	255
3001875	1	876	8	206	23.516	1.36986	38.8	255
3000884	1	861	2	188	21.8351	0.348432	37.8	255
3001522	1	825	65	755	91.5152	11.8145	39.1	218
3000917	1	861	2	188	21.8351	0.348432	37.8	255
3001825	1	1146	2	223	19.459	0.26178	39.5	255
3002759	1	645	18	476	73.7984	4.18605	38.6	255
3001030	1	861	2	188	21.8351	0.348432	37.8	255
3003093	1	765	12	624	81.5686	2.35294	38.6	255
3002547	1	555	54	413	74.4144	14.5568	39.3	246
3002371	1	900	3	396	44	0.5	34.4	255
3002130	1	1146	6	446	38.918	0.78534	39.5	255
3001014	1	861	2	188	21.8351	0.348432	37.8	255
3002582	1	570	54	413	72.4561	14.1737	39.3	236
3000995	1	861	2	188	21.8351	0.348432	37.8	255
3001409	1	801	48	747	93.2584	8.98627	39.1	255
3002719	1	681	18	476	69.8972	3.96476	38.6	142
3002184	1	1149	50	781	67.9721	6.51523	39.1	209
3000880	1	861	2	188	21.8351	0.348432	37.8	255
3003181	1	864	25	484	56.0185	4.34028	38.9	214
3000875	1	861	2	188	21.8351	0.348432	37.8	255
3002391	1	876	4	206	23.516	0.684932	36.9	255
3002335	1	864	25	484	56.0185	4.34028	38.9	255
3002100	1	1143	6	446	39.0201	0.787402	39.5	255
3002639	1	804	64	754	93.7811	11.8644	38.6	255
3002791	1	657	12	615	93.6073	2.73973	39.2	129
3000961	1	861	2	188	21.8351	0.348432	37.8	255
3002069	1	1188	8	446	37.5421	1.0101	39.5	255
3000074	1	1539	15	890	57.8298	1.43405	39.2	119
3002323	1	882	10	640	72.5624	1.70068	39.1	255
3001415	1	801	2	218	27.216	0.374532	39.9	1
3001933	1	876	8	206	23.516	1.36986	38.8	255
3002735	1	681	2	234	34.3612	0.440529	38.9	255
3002080	1	1146	6	446	38.918	0.78534	39.5	255
3002317	1	882	10	640	72.5624	1.70068	39.1	204
3001976	1	876	8	206	23.516	1.36986	38.8	255
3000949	1	861	2	188	21.8351	0.348432	37.8	255
3002879	1	822	2	161	19.5864	0.364964	39.9	255
3002176	1	1146	2	170	14.8342	0.26178	39.7	255
3002023	1	1143	6	446	39.0201	0.787402	39.5	255
3000936	1	861	2	188	21.8351	0.348432	37.8	255
3002175	1	1146	2	170	14.8342	0.26178	39.7	255
3000953	1	861	2	188	21.8351	0.348432	37.8	255
3003003	1	966	6	209	21.6356	0.931677	39.5	85.7
3001835	1	1146	2	223	19.459	0.26178	39.5	255
3001807	1	801	48	747	93.2584	8.98627	39.1	255
3000795	1	1158	4	401	34.6287	0.518135	39.6	255
3001995	1	876	8	206	23.516	1.36986	38.8	255
3002058	1	1146	6	446	38.918	0.78534	39.5	255
3001385	1	861	2	188	21.8351	0.348432	37.8	255
3002045	1	1146	6	446	38.918	0.78534	39.5	255
3001891	1	876	8	206	23.516	1.36986	38.8	255
3001017	1	861	2	188	21.8351	0.348432	37.8	255
3001768	1	801	6	206	25.7179	1.1236	39.8	255
3002745	1	681	18	476	69.8972	3.96476	38.6	255
3000165	1	1275	5	400	31.3725	0.588235	39.9	255
3001873	1	876	8	206	23.516	1.36986	38.8	255
3001033	1	861	2	188	21.8351	0.348432	37.8	255
3003102	1	765	13	624	81.5686	2.54902	38.7	255
3000942	1	861	2	188	21.8351	0.348432	37.8	255
3001020	1	861	2	188	21.8351	0.348432	37.8	255
3000968	1	861	2	188	21.8351	0.348432	37.8	255
3001050	1	861	2	188	21.8351	0.348432	37.8	255
3000974	1	861	2	188	21.8351	0.348432	37.8	255
3001504	1	825	71	755	91.5152	12.8982	39.1	255
3002018	1	1146	8	446	38.918	1.04712	39.5	255
3002095	1	1146	6	446	38.918	0.78534	39.5	255
3002854	1	474	2	300	63.2911	0.632911	32.8	255
3002786	1	645	18	476	73.7984	4.18605	38.6	255
3001392	1	861	2	188	21.8351	0.348432	37.8	255
3000894	1	861	2	188	21.8351	0.348432	37.8	255
3001049	1	861	2	188	21.8351	0.348432	37.8	255
3002606	1	846	3	202	23.8771	0.531915	39.7	255
3002773	1	645	16	243	37.6744	3.72093	38.5	255
3001899	1	876	8	206	23.516	1.36986	38.8	255
3002089	1	1146	6	446	38.918	0.78534	39.5	255
3000926	1	861	2	188	21.8351	0.348432	37.8	1
3002097	1	1146	6	446	38.918	0.78534	39.5	255
3002758	1	645	4	458	71.0078	0.930233	37.3	255
3000985	1	858	2	185	21.5618	0.342657	37.7	255
3001923	1	876	8	206	23.516	1.36986	38.8	255
3000971	1	861	2	188	21.8351	0.348432	37.8	255
3001878	1	876	8	206	23.516	1.36986	38.8	192
3002327	1	882	10	640	72.5624	1.70068	39.1	255
3000929	1	861	2	188	21.8351	0.348432	37.8	255
3002608	1	792	96	445	56.1869	18.1818	38.8	244
3002746	1	681	2	234	34.3612	0.440529	38.9	255
3002784	1	645	18	476	73.7984	4.18605	38.6	255
3003549	1	2052	12	652	31.7739	0.877193	39	255
3001376	1	861	2	188	21.8351	0.348432	37.8	255
3002016	1	1146	8	446	38.918	1.04712	39.5	255
3002579	1	678	57	549	80.9735	12.5339	39.2	219
3002613	1	798	34	449	56.2657	6.38972	37.6	255
3000876	1	861	2	188	21.8351	0.348432	37.8	255
3002578	1	786	61	669	85.1145	11.5789	39.2	240
3002047	1	1146	8	445	38.8307	1.04538	39.5	255
3000190	1	1920	4	400	20.8333	0.311979	39.7	255
3002598	1	1392	60	759	54.5259	6.4375	39.3	230
3003031	1	3057	4	531	17.37	0.196271	39.7	255
3003712	1	900	3	396	44	0.5	34.4	85.7
3003742	1	885	4	229	25.8757	0.677966	40	255
3003745	1	1224	4	522	42.6471	0.490196	39.2	255
3003655	1	1146	2	223	19.459	0.26178	39.5	255
3004622	1	657	6	377	57.382	1.36682	39.1	255
3004665	1	1260	56	1043	82.7778	6.65159	39.3	255
3001831	1	1146	2	223	19.459	0.26178	39.5	255
3004621	1	861	2	227	26.3647	0.348432	40	255
3002191	1	1152	64	1103	95.7465	8.3125	38.9	255
3004623	1	861	2	227	26.3647	0.348432	40	30
3004624	1	657	6	377	57.382	1.36682	39.1	255
3004647	1	1143	25	386	33.7708	3.26247	38.8	255
3004625	1	657	6	377	57.382	1.36682	39.1	255
3004648	1	1149	25	386	33.5944	3.24543	38.8	255
3001555	1	801	48	747	93.2584	8.98627	39.1	255
3003158	1	861	2	188	21.8351	0.348432	37.8	255
3003923	1	3153	11	801	25.4044	0.523311	38.7	255
3004692	1	834	3	366	43.8849	0.539568	39.6	36.7
3004627	1	657	6	377	57.382	1.36682	39.1	255
3004662	1	1623	8	454	27.9729	0.739372	39	130
3001751	1	855	6	561	65.614	1.05263	39.1	171
3001559	1	825	69	755	91.5152	12.5345	39.1	248
3004693	1	1626	10	620	38.1304	0.922509	39.1	204
3004682	1	789	4	202	25.602	0.760456	39.4	255
3004684	1	1620	2	171	10.5556	0.185185	39.9	255
3004704	1	792	96	445	56.1869	18.1818	38.8	229
3004694	1	1626	2	206	12.6691	0.184502	37.6	255
3004695	1	1626	2	206	12.6691	0.184502	37.6	255
3004691	1	1626	10	620	38.1304	0.922509	39.1	255
3004696	1	1626	2	206	12.6691	0.184502	37.6	255
3004697	1	1626	2	206	12.6691	0.184502	37.6	1
3004054	1	678	2	151	22.2714	0.442478	39.9	255
3004698	1	1641	8	592	36.0756	0.731261	39.5	192
3004041	1	1197	1	150	12.5313	0.125313	33.5	255
3004043	1	1194	6	651	54.5226	0.753769	38.3	255
3001754	1	834	2	230	27.5779	0.359712	40	255
3000804	1	3189	12	560	17.5604	0.56444	39.3	255
3004074	1	3132	1	150	4.78927	0.0478927	38.3	255
3004075	1	3111	2	233	7.48955	0.096432	38.4	255
3004745	1	1146	2	170	14.8342	0.26178	39.7	255
3004089	1	972	152	706	72.6337	23.4342	39	192
3004751	1	879	7	504	57.3379	1.19454	39.1	255
3002691	1	1173	56	1046	89.1731	7.14749	39.3	246
3004239	1	783	2	204	26.0536	0.383142	39.7	1
3000501	1	3489	1	150	4.29923	0.0429923	28.5	255
3004290	1	1134	2	204	17.9894	0.26455	39.5	255
3004442	1	1920	4	331	17.2396	0.310937	39.5	255
3004755	1	1146	6	446	38.918	0.78534	39.5	255
3004778	1	1146	6	446	38.918	0.78534	39.5	255
3004854	1	1146	8	446	38.918	1.04712	39.5	255
3005262	1	861	2	188	21.8351	0.348432	37.8	255
3004489	1	801	48	747	93.2584	8.98627	39.1	255
3003115	1	795	102	655	82.3899	19.2365	39.1	233
3004837	1	795	4	300	37.7358	0.754717	39.2	255
3001735	1	828	67	745	89.9758	12.1377	39.2	220
3003652	1	1146	6	446	38.918	0.78534	39.5	255
3005263	1	861	2	188	21.8351	0.348432	37.8	255
3001736	1	825	71	755	91.5152	12.8982	39.1	255
3003653	1	1146	6	446	38.918	0.78534	39.5	255
3004496	1	882	10	640	72.5624	1.70068	39.1	255
3004500	1	1626	10	620	38.1304	0.922509	39.1	255
3004503	1	1623	8	454	27.9729	0.739372	39	255
3004504	1	1626	10	620	38.1304	0.922509	39.1	255
3004505	1	1626	10	620	38.1304	0.922509	39.1	255
3004508	1	1626	10	620	38.1304	0.922509	39.1	255
3004509	1	1623	8	454	27.9729	0.739372	39	193
3004510	1	1626	10	620	38.1304	0.922509	39.1	205
3004511	1	1626	10	620	38.1304	0.922509	39.1	255
3003741	1	885	14	820	92.6554	2.37288	38.9	255
3001854	1	1146	2	223	19.459	0.26178	39.5	255
3005264	1	861	2	188	21.8351	0.348432	37.8	255
3004569	1	1677	2	179	10.6738	0.178891	39.7	255
3005258	1	861	2	188	21.8351	0.348432	37.8	255
3004588	1	1173	5	500	42.6257	0.639386	39.3	255
3004597	1	1539	15	890	57.8298	1.43405	39.2	136
3001044	1	861	2	188	21.8351	0.348432	37.8	255
3005009	1	333	79	240	72.0721	35.5465	39.2	249
3005010	1	348	80	248	71.2644	34.3937	39.2	16.6
3005016	1	1146	6	446	38.918	0.78534	39.5	255
3003646	1	876	8	206	23.516	1.36986	38.8	255
3003647	1	876	8	206	23.516	1.36986	38.8	255
3003648	1	876	8	206	23.516	1.36986	38.8	255
3003650	1	876	8	206	23.516	1.36986	38.8	255
3005047	1	1725	4	501	29.0435	0.347826	39.1	255
3005059	1	2349	6	441	18.7739	0.383142	38.6	255
3005098	1	333	18	293	87.988	8.10811	39	255
3005112	1	600	57	542	90.3333	14.13	39.2	255
3005114	1	579	54	413	71.3299	13.9534	39.3	246
3005115	1	555	54	413	74.4144	14.5568	39.3	255
3005116	1	600	55	531	88.5	13.6767	39.3	255
3005117	1	555	54	413	74.4144	14.5568	39.3	255
3005118	1	555	54	413	74.4144	14.5568	39.3	255
3005119	1	555	54	413	74.4144	14.5568	39.3	246
3005150	1	1146	2	234	20.4188	0.26178	39.9	255
3005259	1	861	2	188	21.8351	0.348432	37.8	255
3003654	1	1146	8	446	38.918	1.04712	39.5	255
3005204	1	1146	8	446	38.918	1.04712	39.5	255
3002119	1	1146	8	446	38.918	1.04712	39.5	255
3005176	1	1146	8	446	38.918	1.04712	39.5	255
3005177	1	1146	8	446	38.918	1.04712	39.5	255
3005180	1	1146	8	446	38.918	1.04712	39.5	255
3005181	1	1146	6	446	38.918	0.78534	39.5	255
3005182	1	1146	6	446	38.918	0.78534	39.5	255
3005183	1	1146	8	446	38.918	1.04712	39.5	255
3005184	1	1146	8	446	38.918	1.04712	39.5	255
3005185	1	1146	6	446	38.918	0.78534	39.5	255
3005186	1	1149	6	446	38.8164	0.78329	39.5	255
3005187	1	1146	6	446	38.918	0.78534	39.5	255
3005188	1	1146	6	446	38.918	0.78534	39.5	255
3005189	1	1146	6	446	38.918	0.78534	39.5	255
3005190	1	1146	8	446	38.918	1.04712	39.5	255
3005191	1	1146	8	446	38.918	1.04363	39.5	255
3005192	1	1146	8	446	38.918	1.04712	39.5	255
3005193	1	1146	8	446	38.918	1.04712	39.5	255
3005194	1	1146	8	446	38.918	1.04712	39.5	255
3005195	1	1146	8	446	38.918	1.04712	39.5	255
3005196	1	1146	8	446	38.918	1.04712	39.5	255
3003132	1	1146	6	446	38.918	0.78534	39.5	255
3003133	1	1146	8	446	38.918	1.04712	39.5	255
3005197	1	1146	8	446	38.918	1.04712	39.5	255
3003130	1	1146	6	446	38.918	0.78534	39.5	170
3005199	1	1146	8	446	38.918	1.04712	39.5	255
3005200	1	1146	6	446	38.918	0.78534	39.5	255
3002109	1	1146	6	446	38.918	0.78534	39.5	255
3003129	1	1143	8	446	39.0201	1.04987	39.5	255
3005216	1	1146	6	446	38.918	0.78534	39.5	255
3002110	1	1146	6	446	38.918	0.78534	39.5	255
3005217	1	1146	6	446	38.918	0.78534	39.5	255
3003136	1	1146	6	446	38.918	0.78534	39.5	255
3003137	1	1146	6	446	38.918	0.78534	39.5	255
3005260	1	861	2	188	21.8351	0.348432	37.8	255
3005261	1	861	2	188	21.8351	0.348432	37.8	255
3003135	1	1146	6	446	38.918	0.78534	39.5	255
3002102	1	1146	6	446	38.918	0.78534	39.5	255
3005218	1	1146	8	446	38.918	1.04712	39.5	255
3003138	1	1146	8	446	38.918	1.04712	39.5	255
3005219	1	1146	6	446	38.918	0.78534	39.5	255
3005220	1	1146	8	446	38.918	1.04712	39.5	255
3005221	1	1623	8	454	27.9729	0.739372	39	255
3005222	1	828	90	632	76.3285	16.2742	38.9	244
3000877	1	861	2	188	21.8351	0.348432	37.8	255
3000881	1	861	2	188	21.8351	0.348432	37.8	255
3000901	1	861	2	188	21.8351	0.348432	37.8	255
3000902	1	861	2	188	21.8351	0.348432	37.8	255
3000905	1	861	2	188	21.8351	0.348432	37.8	255
3000906	1	861	2	188	21.8351	0.348432	37.8	255
3000907	1	861	2	188	21.8351	0.348432	37.8	255
3000909	1	861	2	188	21.8351	0.348432	37.8	255
3001387	1	861	2	188	21.8351	0.348432	37.8	255
3001389	1	861	2	188	21.8351	0.348432	37.8	255
3005255	1	861	2	188	21.8351	0.348432	37.8	255
3005256	1	861	2	188	21.8351	0.348432	37.8	255
3005257	1	861	2	188	21.8351	0.348432	37.8	255
3005265	1	861	2	188	21.8351	0.348432	37.8	255
3005266	1	861	2	188	21.8351	0.348432	37.8	255
3005267	1	861	2	188	21.8351	0.348432	37.8	255
3005268	1	861	2	188	21.8351	0.348432	37.8	255
3005269	1	861	2	188	21.8351	0.348432	37.8	255
3005270	1	861	2	188	21.8351	0.348432	37.8	255
3005271	1	861	2	188	21.8351	0.348432	37.8	255
3005272	1	861	2	188	21.8351	0.348432	37.8	255
3005273	1	861	2	188	21.8351	0.348432	37.8	255
3005314	1	828	90	632	76.3285	16.2742	38.9	247
3005315	1	801	6	206	25.7179	1.1236	39.8	255
3005316	1	828	90	632	76.3285	16.2742	38.9	244
3005317	1	831	89	632	76.0529	16.0554	38.9	235
3005318	1	828	90	632	76.3285	16.2742	38.9	238
3005319	1	825	89	629	76.2424	16.1394	38.9	255
3005320	1	828	90	632	76.3285	16.2742	38.9	238
3005321	1	828	90	632	76.3285	16.2742	38.9	238
3005322	1	801	6	206	25.7179	1.1236	39.8	255
3005371	1	882	10	640	72.5624	1.70068	39.1	255
3005356	1	882	10	640	72.5624	1.70068	39.1	255
3005357	1	888	10	640	72.0721	1.68919	39.1	255
3005358	1	882	10	640	72.5624	1.70068	39.1	255
3002328	1	882	10	640	72.5624	1.70068	39.1	255
3005359	1	882	10	640	72.5624	1.70068	39.1	204
3005360	1	891	10	640	71.8294	1.6835	39.1	255
3005361	1	876	10	634	72.3744	1.69863	39.1	255
3005362	1	882	10	640	72.5624	1.70068	39.1	255
3005363	1	882	10	640	72.5624	1.70068	39.1	255
3005364	1	882	10	640	72.5624	1.70068	39.1	255
3005365	1	882	10	640	72.5624	1.70068	39.1	255
3005366	1	906	10	640	70.6402	1.65563	39.1	255
3005367	1	882	10	640	72.5624	1.70068	39.1	255
3005368	1	882	10	640	72.5624	1.70068	39.1	255
3005369	1	882	10	640	72.5624	1.70068	39.1	255
3005370	1	882	10	640	72.5624	1.70068	39.1	255
3005372	1	888	10	640	72.0721	1.68919	39.1	255
3005373	1	891	10	640	71.8294	1.6835	39.1	255
3005374	1	882	10	640	72.5624	1.70068	39.1	255
3005375	1	882	10	640	72.5624	1.70068	39.1	204
3005376	1	882	10	640	72.5624	1.70068	39.1	255
3005377	1	882	10	640	72.5624	1.70068	39.1	255
3005378	1	882	10	640	72.5624	1.70068	39.1	255
3005379	1	891	10	640	71.8294	1.6835	39.1	255
3005380	1	882	10	640	72.5624	1.70068	39.1	255
3005381	1	885	10	640	72.3164	1.69492	39.1	255
3005382	1	882	10	640	72.5624	1.70068	39.1	255
3005383	1	882	10	640	72.5624	1.70068	39.1	255
3005384	1	882	10	640	72.5624	1.70068	39.1	255
3005385	1	882	10	640	72.5624	1.70068	39.1	255
3006252	1	1146	2	223	19.459	0.26178	39.5	255
3006253	1	1146	2	223	19.459	0.26178	39.5	255
3006263	1	1146	2	223	19.459	0.26178	39.5	255
3002118	1	1146	6	446	38.918	0.78534	39.5	255
3002121	1	1146	6	446	38.918	0.78534	39.5	255
3003170	1	1146	8	446	38.918	1.04712	39.5	255
3006457	1	1146	6	446	38.918	0.78534	39.5	255
3006458	1	1146	2	152	13.2635	0.24171	38.5	128
3006459	1	1146	8	446	38.918	1.04712	39.5	255
3006460	1	1146	6	446	38.918	0.78534	39.5	255
3006461	1	1131	6	431	38.1079	0.782493	39.5	255
3006462	1	1146	6	446	38.918	0.78534	39.5	170
3006463	1	1146	6	446	38.918	0.78534	39.5	255
3006464	1	1149	43	592	51.5231	5.59095	39.1	243
3001986	1	876	8	206	23.516	1.36986	38.8	255
3001996	1	876	8	206	23.516	1.36986	38.8	255
3002001	1	876	8	206	23.516	1.36986	38.8	255
3002004	1	876	8	206	23.516	1.36986	38.8	255
3002007	1	876	8	206	23.516	1.36986	38.8	255
3002011	1	876	8	206	23.516	1.36986	38.8	255
3005590	1	876	8	206	23.516	1.36986	38.8	255
3005592	1	876	8	206	23.516	1.36986	38.8	255
3005593	1	876	8	206	23.516	1.36986	38.8	255
3005595	1	876	8	206	23.516	1.36986	38.8	255
3005596	1	876	8	206	23.516	1.36986	38.8	255
3005598	1	876	8	206	23.516	1.36986	38.8	255
3005599	1	876	8	206	23.516	1.36986	38.8	255
3005600	1	876	8	206	23.516	1.36986	38.8	255
3005601	1	876	8	206	23.516	1.36986	38.8	255
3005602	1	876	8	206	23.516	1.36986	38.8	255
3005603	1	876	8	206	23.516	1.36986	38.8	255
3005604	1	876	8	206	23.516	1.36986	38.8	255
3005605	1	876	8	206	23.516	1.36986	38.8	255
3005606	1	876	8	206	23.516	1.36986	38.8	255
3005607	1	876	8	206	23.516	1.36986	38.8	255
3005609	1	876	8	206	23.516	1.36986	38.8	255
3005610	1	876	8	206	23.516	1.36986	38.8	255
3005611	1	876	8	206	23.516	1.36986	38.8	255
3005612	1	876	8	206	23.516	1.36986	38.8	255
3005613	1	876	8	206	23.516	1.36986	38.8	255
3005616	1	876	8	206	23.516	1.36986	38.8	255
3005617	1	876	8	206	23.516	1.36986	38.8	255
3005620	1	876	8	206	23.516	1.36986	38.8	255
3005625	1	876	8	206	23.516	1.36986	38.8	255
3005626	1	876	8	206	23.516	1.36986	38.8	192
3005627	1	876	8	206	23.516	1.36986	38.8	255
3005629	1	876	8	206	23.516	1.36986	38.8	255
3005630	1	876	8	206	23.516	1.36986	38.8	255
3005631	1	876	8	206	23.516	1.36986	38.8	255
3005632	1	876	8	206	23.516	1.36986	38.8	255
3005633	1	876	8	206	23.516	1.36986	38.8	255
3005634	1	885	8	206	23.2768	1.35593	38.8	255
3005635	1	876	8	206	23.516	1.36986	38.8	255
3005639	1	876	8	206	23.516	1.36986	38.8	255
3005641	1	876	8	206	23.516	1.36986	38.8	192
3005643	1	876	8	206	23.516	1.36986	38.8	255
3005645	1	876	8	206	23.516	1.36986	38.8	255
3005647	1	876	8	206	23.516	1.36986	38.8	255
3005648	1	876	8	206	23.516	1.36986	38.8	255
3005649	1	876	8	206	23.516	1.36986	38.8	255
3005650	1	876	8	206	23.516	1.36986	38.8	255
3005651	1	876	8	206	23.516	1.36986	38.8	192
3005653	1	876	8	206	23.516	1.36986	38.8	255
3005654	1	876	8	206	23.516	1.36986	38.8	255
3005655	1	876	8	206	23.516	1.36986	38.8	255
3005659	1	876	8	206	23.516	1.36986	38.8	255
3005660	1	876	8	206	23.516	1.36986	38.8	255
3005661	1	876	8	206	23.516	1.36986	38.8	255
3005666	1	876	8	206	23.516	1.36986	38.8	255
3006874	1	1134	2	204	17.9894	0.26455	39.5	255
3006875	1	1134	2	204	17.9894	0.26455	39.5	255
3006876	1	1134	2	204	17.9894	0.26455	39.5	255
3006877	1	1134	2	204	17.9894	0.26455	39.5	255
3006878	1	1134	2	204	17.9894	0.26455	39.5	255
3006879	1	1134	2	204	17.9894	0.26455	39.5	255
3006880	1	1134	2	204	17.9894	0.26455	39.5	1
3006881	1	1134	2	204	17.9894	0.26455	39.5	255
3002165	1	1140	12	600	52.6316	1.57895	38.7	255
3006471	1	1149	14	797	69.3647	1.82768	38.8	255
3006472	1	1149	14	797	69.3647	1.82768	38.8	255
3006473	1	1149	12	600	52.2193	1.56658	38.7	214
3006474	1	1149	12	600	52.2193	1.56658	38.7	255
3006475	1	1149	14	797	69.3647	1.82768	38.8	255
3003185	1	864	25	484	56.0185	4.34028	38.9	235
3006156	1	864	25	484	56.0185	4.34028	38.9	255
3006157	1	864	25	484	56.0185	4.34028	38.9	255
3006158	1	864	25	484	56.0185	4.34028	38.9	255
3006159	1	864	25	484	56.0185	4.34028	38.9	255
3006160	1	864	25	484	56.0185	4.34028	38.9	255
3006161	1	864	25	484	56.0185	4.34028	38.9	255
3006162	1	864	25	484	56.0185	4.34028	38.9	255
3006163	1	864	25	484	56.0185	4.34028	38.9	255
3006164	1	864	25	484	56.0185	4.34028	38.9	255
3006165	1	864	25	484	56.0185	4.34028	38.9	255
3006166	1	864	25	484	56.0185	4.34028	38.9	235
3006167	1	864	25	484	56.0185	4.34028	38.9	255
3006168	1	864	25	484	56.0185	4.34028	38.9	255
3006169	1	864	25	484	56.0185	4.34028	38.9	255
3006170	1	864	25	484	56.0185	4.34028	38.9	255
3006171	1	873	25	484	55.441	4.29553	38.9	255
3006172	1	864	25	484	56.0185	4.34028	38.9	235
3006173	1	864	25	484	56.0185	4.34028	38.9	255
3006174	1	864	25	484	56.0185	4.34028	38.9	255
3006175	1	864	25	484	56.0185	4.34028	38.9	255
3006927	1	876	2	206	23.516	0.342466	33.9	255
3006928	1	876	2	206	23.516	0.342466	33.9	1
3006929	1	876	2	206	23.516	0.342466	33.9	255
3006930	1	876	2	206	23.516	0.342466	33.9	255
3006931	1	876	2	206	23.516	0.342466	33.9	255
3003145	1	882	10	640	72.5624	1.70068	39.1	255
3006186	1	927	10	630	67.9612	1.60734	39.1	255
3006187	1	906	10	643	70.9713	1.65563	39.1	255
3006188	1	882	10	640	72.5624	1.70068	39.1	255
3006189	1	882	10	640	72.5624	1.70068	39.1	255
3006190	1	882	10	640	72.5624	1.70068	39.1	255
3006191	1	882	10	640	72.5624	1.70068	39.1	255
3006192	1	882	10	640	72.5624	1.70068	39.1	204
3006193	1	885	10	640	72.3164	1.69492	39.1	255
3006194	1	888	10	640	72.0721	1.68919	39.1	255
3006195	1	876	10	634	72.3744	1.68493	39.1	255
3006196	1	885	10	640	72.3164	1.69492	39.1	255
3006197	1	882	10	640	72.5624	1.70068	39.1	255
3006198	1	894	10	634	70.9172	1.65101	39.1	255
3006199	1	876	10	634	72.3744	1.70548	39.1	255
3006200	1	882	10	640	72.5624	1.70068	39.1	255
3006201	1	903	10	652	72.2038	1.66113	39.1	255
3006202	1	882	10	640	72.5624	1.70068	39.1	255
3006203	1	882	10	640	72.5624	1.70068	39.1	255
3006204	1	903	10	652	72.2038	1.66113	39.1	255
3006205	1	891	10	640	71.8294	1.6835	39.1	255
3006206	1	879	10	637	72.4687	1.68601	39.1	255
3006207	1	888	10	640	72.0721	1.68919	39.1	255
3003139	1	1146	2	170	14.8342	0.26178	39.7	255
3006859	1	1146	2	170	14.8342	0.26178	39.7	255
3006860	1	1146	2	170	14.8342	0.26178	39.7	255
3006861	1	1146	2	170	14.8342	0.26178	39.7	255
3006862	1	1146	2	170	14.8342	0.26178	39.7	255
3002172	1	1146	2	170	14.8342	0.26178	39.7	255
3003140	1	1149	49	771	67.1018	6.38555	39.1	255
3003141	1	1149	49	771	67.1018	6.38555	39.1	182
3006477	1	1152	20	887	76.9965	2.59896	39.1	218
3006478	1	1152	20	887	76.9965	2.59896	39.1	97.7
3006479	1	1149	43	592	51.5231	5.60836	39.1	255
3006957	1	876	2	176	20.0913	0.342466	39.7	255
3006958	1	876	2	176	20.0913	0.342466	39.7	255
3006959	1	876	2	176	20.0913	0.342466	39.7	255
3006960	1	876	2	176	20.0913	0.342466	39.7	255
3006961	1	876	2	176	20.0913	0.342466	39.7	255
3006962	1	876	2	176	20.0913	0.342466	39.7	1
3005729	1	825	71	755	91.5152	12.8982	39.1	255
3005734	1	795	20	730	91.8239	3.74591	39.2	112
3005750	1	801	48	747	93.2584	8.98627	39.1	250
3005863	1	825	71	755	91.5152	12.8982	39.1	248
3005864	1	825	71	755	91.5152	12.8982	39.1	205
3005865	1	825	71	755	91.5152	12.8982	39.1	255
3005866	1	825	65	755	91.5152	11.8182	39.1	240
3005867	1	825	69	755	91.5152	12.5345	39.1	248
3005868	1	825	63	755	91.5152	11.4545	39.1	251
3005870	1	801	48	747	93.2584	8.98627	39.1	255
3005871	1	801	48	747	93.2584	8.98627	39.1	244
3005877	1	825	71	755	91.5152	12.8982	39.1	248
3005878	1	855	2	299	34.9708	0.349708	39.7	255
3005884	1	801	48	747	93.2584	8.98627	39.1	255
3005885	1	801	48	747	93.2584	8.98627	39.1	255
3005931	1	795	3	300	37.7358	0.566038	39.4	172
3005941	1	801	48	747	93.2584	8.98627	39.1	255
3005983	1	795	22	730	91.8239	4.12327	37.8	164
3005994	1	801	48	747	93.2584	8.98627	39.1	255
3005995	1	795	48	741	93.2075	9.00126	39.1	250
3006021	1	801	48	747	93.2584	8.98627	39.1	234
3006022	1	801	48	747	93.2584	8.98627	39.1	244
3006024	1	801	48	747	93.2584	8.98627	39.1	223
3006032	1	807	48	751	93.0607	8.91945	39.1	239
3006099	1	795	5	463	58.239	0.943396	39.6	208
3006103	1	795	103	655	82.3899	19.4252	39.1	29.4
3006113	1	786	47	728	92.6209	8.8486	39.1	255
3006115	1	801	48	747	93.2584	8.98627	39.1	255
3006116	1	801	48	747	93.2584	8.98627	39.1	234
3006964	1	882	2	169	19.161	0.340136	34.8	255
3006131	1	927	1	150	16.1812	0.161812	39.8	255
3006132	1	927	1	150	16.1812	0.161812	39.8	255
3006133	1	927	1	150	16.1812	0.161812	39.8	255
3006134	1	927	1	150	16.1812	0.161812	39.8	255
3006136	1	927	1	150	16.1812	0.161812	39.8	255
3006137	1	927	1	150	16.1812	0.161812	39.8	255
3003184	1	927	1	150	16.1812	0.161812	39.8	255
3006138	1	927	1	150	16.1812	0.161812	39.8	255
3006968	1	876	2	176	20.0913	0.342466	39.7	255
3006969	1	876	2	176	20.0913	0.342466	39.7	255
3006970	1	876	2	176	20.0913	0.342466	39.7	255
3006971	1	876	2	176	20.0913	0.342466	39.7	255
3006139	1	861	2	188	21.8351	0.348432	37.8	255
3006140	1	861	2	188	21.8351	0.348432	37.8	255
3003146	1	900	3	396	44	0.5	34.4	255
3006208	1	900	3	396	44	0.5	34.4	255
3006209	1	900	3	396	44	0.5	34.4	255
3006210	1	900	3	396	44	0.5	34.4	255
3006211	1	897	3	393	43.8127	0.498328	34.4	255
3006212	1	900	3	396	44	0.5	34.4	255
3006213	1	900	3	396	44	0.5	34.4	255
3006214	1	900	3	396	44	0.5	34.4	255
3006215	1	900	3	396	44	0.5	34.4	255
3006216	1	900	3	396	44	0.5	34.4	255
3006217	1	900	3	396	44	0.5	34.4	255
3006218	1	900	3	396	44	0.5	34.4	255
3006219	1	900	3	396	44	0.5	34.4	255
3006220	1	900	3	396	44	0.5	34.4	170
3006221	1	900	3	396	44	0.5	34.4	255
3006222	1	900	3	396	44	0.5	34.4	255
3000237	1	1488	4	388	26.0753	0.403226	39.6	255
3003730	1	3324	2	300	9.02527	0.0902527	39.9	255
3002312	1	882	10	640	72.5624	1.70068	39.1	255
3004139	1	1626	10	620	38.1304	0.922509	39.1	255
3004325	1	1626	2	206	12.6691	0.184502	37.6	255
3004332	1	1644	8	592	36.0097	0.729927	39.5	64.5
3004480	1	3561	1	150	4.2123	0.042123	39.4	255
3007087	1	888	10	640	72.0721	1.68919	39.1	255
3007089	1	882	10	640	72.5624	1.70068	39.1	255
3007102	1	897	10	643	71.6834	1.67224	39.1	255
3007119	1	1920	4	400	20.8333	0.311979	39.7	191
3007120	1	1920	4	400	20.8333	0.311979	39.7	191
3007121	1	1920	2	177	9.21875	0.15625	39.1	255
3007122	1	1920	4	417	21.7188	0.3125	39.5	128
3007123	1	1920	4	417	21.7188	0.3125	39.5	128
3007124	1	1920	2	154	8.02083	0.154688	40	255
3007137	1	1620	4	470	29.0123	0.37037	39.6	255
NH8B	1	250	976	250	100	585.184	38.9	255
3002999	1	891	0	0	0	0	0	0
3001109	1	861	0	0	0	0	0	0
3002867	1	495	0	0	0	0	0	0
3001989	1	876	0	0	0	0	0	0
3002356	1	813	0	0	0	0	0	0
3001855	1	1146	0	0	0	0	0	0
3002244	1	897	0	0	0	0	0	0
3000600	1	846	0	0	0	0	0	0
3002511	1	882	0	0	0	0	0	0
3002193	1	741	0	0	0	0	0	0
3001517	1	822	0	0	0	0	0	0
3001557	1	825	0	0	0	0	0	0
3003552	1	642	0	0	0	0	0	0
3001980	1	876	0	0	0	0	0	0
3002835	1	486	0	0	0	0	0	0
3001794	1	795	0	0	0	0	0	0
3002146	1	1140	0	0	0	0	0	0
3002804	1	426	0	0	0	0	0	0
3002649	1	807	0	0	0	0	0	0
3003198	1	759	0	0	0	0	0	0
3000504	1	465	0	0	0	0	0	0
3001808	1	816	0	0	0	0	0	0
3001650	1	825	0	0	0	0	0	0
3002380	1	885	0	0	0	0	0	0
3002538	1	840	0	0	0	0	0	0
3002397	1	873	0	0	0	0	0	0
3001617	1	825	0	0	0	0	0	0
3001082	1	861	0	0	0	0	0	0
3001518	1	822	0	0	0	0	0	0
3001099	1	861	0	0	0	0	0	0
3001577	1	825	0	0	0	0	0	0
3002360	1	813	0	0	0	0	0	0
3001100	1	861	0	0	0	0	0	0
3001076	1	861	0	0	0	0	0	0
3003026	1	1530	0	0	0	0	0	0
3001133	1	861	0	0	0	0	0	0
3002307	1	801	0	0	0	0	0	0
3000845	1	753	0	0	0	0	0	0
3002233	1	741	0	0	0	0	0	0
3000508	1	825	0	0	0	0	0	0
3001154	1	861	0	0	0	0	0	0
3003149	1	825	0	0	0	0	0	0
3003203	1	915	0	0	0	0	0	0
3001071	1	861	0	0	0	0	0	0
3001773	1	774	0	0	0	0	0	0
3002243	1	867	0	0	0	0	0	0
3002681	1	630	0	0	0	0	0	0
3002507	1	1194	0	0	0	0	0	0
3000326	1	1146	0	0	0	0	0	0
3002565	1	441	0	0	0	0	0	0
3003012	1	498	0	0	0	0	0	0
3002488	1	906	0	0	0	0	0	0
3002282	1	801	0	0	0	0	0	0
3002304	1	801	0	0	0	0	0	0
3001119	1	861	0	0	0	0	0	0
3002263	1	720	0	0	0	0	0	0
3001364	1	861	0	0	0	0	0	0
3002815	1	1032	0	0	0	0	0	0
3002828	1	1653	0	0	0	0	0	0
3000198	1	402	0	0	0	0	0	0
3001972	1	876	0	0	0	0	0	0
3001912	1	876	0	0	0	0	0	0
3002853	1	453	0	0	0	0	0	0
3002883	1	1236	0	0	0	0	0	0
3002383	1	885	0	0	0	0	0	0
3002634	1	906	0	0	0	0	0	0
3002595	1	543	0	0	0	0	0	0
3002203	1	741	0	0	0	0	0	0
3001692	1	831	0	0	0	0	0	0
3001646	1	825	0	0	0	0	0	0
3001422	1	822	0	0	0	0	0	0
3001144	1	861	0	0	0	0	0	0
3002432	1	846	0	0	0	0	0	0
3000777	1	3180	0	0	0	0	0	0
3000815	1	444	0	0	0	0	0	0
3002574	1	552	0	0	0	0	0	0
3003017	1	498	0	0	0	0	0	0
3001300	1	888	0	0	0	0	0	0
3002830	1	1569	0	0	0	0	0	0
3001677	1	831	0	0	0	0	0	0
3001112	1	861	0	0	0	0	0	0
3001562	1	825	0	0	0	0	0	0
3002912	1	1032	0	0	0	0	0	0
3002299	1	801	0	0	0	0	0	0
3000572	1	1287	0	0	0	0	0	0
3003196	1	1377	0	0	0	0	0	0
3003060	1	813	0	0	0	0	0	0
3002287	1	801	0	0	0	0	0	0
3003209	1	420	0	0	0	0	0	0
3002690	1	1179	0	0	0	0	0	0
3002921	1	663	0	0	0	0	0	0
3002224	1	741	0	0	0	0	0	0
3002210	1	741	0	0	0	0	0	0
3002849	1	453	0	0	0	0	0	0
3001886	1	876	0	0	0	0	0	0
3003659	1	741	0	0	0	0	0	0
3002711	1	657	0	0	0	0	0	0
3002150	1	1140	0	0	0	0	0	0
3000839	1	1356	0	0	0	0	0	0
3000549	1	1086	0	0	0	0	0	0
3002514	1	1173	0	0	0	0	0	0
3001778	1	798	0	0	0	0	0	0
3001535	1	822	0	0	0	0	0	0
3001141	1	861	0	0	0	0	0	0
3001881	1	876	0	0	0	0	0	0
3001480	1	822	0	0	0	0	0	0
3001814	1	798	0	0	0	0	0	0
3001900	1	876	0	0	0	0	0	0
3001116	1	861	0	0	0	0	0	0
3001918	1	876	0	0	0	0	0	0
3002493	1	1137	0	0	0	0	0	0
3002477	1	456	0	0	0	0	0	0
3002516	1	1173	0	0	0	0	0	0
3001150	1	861	0	0	0	0	0	0
3002403	1	873	0	0	0	0	0	0
3003179	1	801	0	0	0	0	0	0
3002655	1	1026	0	0	0	0	0	0
3000423	1	801	0	0	0	0	0	0
3001093	1	861	0	0	0	0	0	0
3001168	1	861	0	0	0	0	0	0
3003250	1	612	0	0	0	0	0	0
3002459	1	861	0	0	0	0	0	0
3002665	1	660	0	0	0	0	0	0
3002429	1	861	0	0	0	0	0	0
3001644	1	825	0	0	0	0	0	0
3002436	1	861	0	0	0	0	0	0
3000826	1	723	0	0	0	0	0	0
3003160	1	822	0	0	0	0	0	0
3001472	1	825	0	0	0	0	0	0
3002468	1	861	0	0	0	0	0	0
3001784	1	798	0	0	0	0	0	0
3001840	1	1146	0	0	0	0	0	0
3001181	1	861	0	0	0	0	0	0
3001623	1	825	0	0	0	0	0	0
3001850	1	1146	0	0	0	0	0	0
3001191	1	858	0	0	0	0	0	0
3001404	1	825	0	0	0	0	0	0
3001347	1	861	0	0	0	0	0	0
3001985	1	876	0	0	0	0	0	0
3002442	1	861	0	0	0	0	0	0
3004605	1	849	0	0	0	0	0	0
3002654	1	753	0	0	0	0	0	0
3002662	1	996	0	0	0	0	0	0
3001455	1	825	0	0	0	0	0	0
3003172	1	1146	0	0	0	0	0	0
3001486	1	825	0	0	0	0	0	0
3000592	1	876	0	0	0	0	0	0
3002278	1	801	0	0	0	0	0	0
3002856	1	558	0	0	0	0	0	0
3003206	1	804	0	0	0	0	0	0
3001175	1	861	0	0	0	0	0	0
3001770	1	810	0	0	0	0	0	0
3003097	1	996	0	0	0	0	0	0
3002467	1	861	0	0	0	0	0	0
3001658	1	825	0	0	0	0	0	0
3002435	1	861	0	0	0	0	0	0
3001984	1	876	0	0	0	0	0	0
3003055	1	1185	0	0	0	0	0	0
3001201	1	858	0	0	0	0	0	0
3001780	1	765	0	0	0	0	0	0
3002843	1	615	0	0	0	0	0	0
3002641	1	816	0	0	0	0	0	0
3001350	1	861	0	0	0	0	0	0
3002293	1	801	0	0	0	0	0	0
3002583	1	402	0	0	0	0	0	0
3000593	1	774	0	0	0	0	0	0
3002267	1	732	0	0	0	0	0	0
3001302	1	843	0	0	0	0	0	0
3001090	1	861	0	0	0	0	0	0
3001132	1	861	0	0	0	0	0	0
3002257	1	732	0	0	0	0	0	0
3001467	1	822	0	0	0	0	0	0
3001654	1	828	0	0	0	0	0	0
3002133	1	1140	0	0	0	0	0	0
3001545	1	822	0	0	0	0	0	0
3001553	1	822	0	0	0	0	0	0
3001897	1	876	0	0	0	0	0	0
3002609	1	900	0	0	0	0	0	0
3002470	1	861	0	0	0	0	0	0
3000805	1	1419	0	0	0	0	0	0
3002701	1	1176	0	0	0	0	0	0
3001493	1	822	0	0	0	0	0	0
3000840	1	747	0	0	0	0	0	0
3002925	1	696	0	0	0	0	0	0
3000606	1	849	0	0	0	0	0	0
3003167	1	876	0	0	0	0	0	0
3002217	1	741	0	0	0	0	0	0
3003069	1	765	0	0	0	0	0	0
3003186	1	939	0	0	0	0	0	0
3003034	1	1170	0	0	0	0	0	0
3003811	1	1398	0	0	0	0	0	0
3004866	1	813	0	0	0	0	0	0
3002192	1	741	0	0	0	0	0	0
3001425	1	831	0	0	0	0	0	0
3003155	1	873	0	0	0	0	0	0
3002987	1	921	0	0	0	0	0	0
3002409	1	867	0	0	0	0	0	0
3002910	1	1050	0	0	0	0	0	0
3003064	1	318	0	0	0	0	0	0
3001065	1	780	0	0	0	0	0	0
3002502	1	1194	0	0	0	0	0	0
3001305	1	837	0	0	0	0	0	0
3002308	1	801	0	0	0	0	0	0
3002569	1	438	0	0	0	0	0	0
3001681	1	831	0	0	0	0	0	0
3002008	1	915	0	0	0	0	0	0
3001887	1	876	0	0	0	0	0	0
3002252	1	897	0	0	0	0	0	0
3001074	1	861	0	0	0	0	0	0
3001067	1	861	0	0	0	0	0	0
3003046	1	1545	0	0	0	0	0	0
3001079	1	780	0	0	0	0	0	0
3002837	1	495	0	0	0	0	0	0
3000026	1	1356	0	0	0	0	0	0
3001453	1	825	0	0	0	0	0	0
3002005	1	876	0	0	0	0	0	0
3002637	1	906	0	0	0	0	0	0
3002458	1	861	0	0	0	0	0	0
3002272	1	801	0	0	0	0	0	0
3001651	1	825	0	0	0	0	0	0
3000413	1	792	0	0	0	0	0	0
3001544	1	822	0	0	0	0	0	0
3002497	1	1194	0	0	0	0	0	0
3001843	1	1146	0	0	0	0	0	0
3002863	1	510	0	0	0	0	0	0
3001489	1	825	0	0	0	0	0	0
3001667	1	825	0	0	0	0	0	0
3001818	1	1161	0	0	0	0	0	0
3001539	1	822	0	0	0	0	0	0
3001566	1	825	0	0	0	0	0	0
3002537	1	819	0	0	0	0	0	0
3002725	1	648	0	0	0	0	0	0
3001442	1	825	0	0	0	0	0	0
3002480	1	825	0	0	0	0	0	0
3001563	1	825	0	0	0	0	0	0
3001788	1	798	0	0	0	0	0	0
3001513	1	822	0	0	0	0	0	0
3003556	1	750	0	0	0	0	0	0
3002147	1	1140	0	0	0	0	0	0
3001094	1	861	0	0	0	0	0	0
3002627	1	855	0	0	0	0	0	0
3002520	1	1173	0	0	0	0	0	0
3002402	1	873	0	0	0	0	0	0
3000789	1	1227	0	0	0	0	0	0
3001704	1	825	0	0	0	0	0	0
3001845	1	1146	0	0	0	0	0	0
3002464	1	861	0	0	0	0	0	0
3002426	1	861	0	0	0	0	0	0
3001123	1	861	0	0	0	0	0	0
3002276	1	801	0	0	0	0	0	0
3001137	1	861	0	0	0	0	0	0
3001812	1	798	0	0	0	0	0	0
3002443	1	861	0	0	0	0	0	0
3002680	1	633	0	0	0	0	0	0
3001122	1	861	0	0	0	0	0	0
3002868	1	498	0	0	0	0	0	0
3001177	1	861	0	0	0	0	0	0
3001612	1	825	0	0	0	0	0	0
3002483	1	981	0	0	0	0	0	0
3000812	1	1404	0	0	0	0	0	0
3000368	1	1032	0	0	0	0	0	0
3000553	1	744	0	0	0	0	0	0
3001628	1	825	0	0	0	0	0	0
3001954	1	876	0	0	0	0	0	0
3003182	1	813	0	0	0	0	0	0
3001937	1	876	0	0	0	0	0	0
3002242	1	915	0	0	0	0	0	0
3000392	1	540	0	0	0	0	0	0
3001106	1	861	0	0	0	0	0	0
3001399	1	831	0	0	0	0	0	0
3002866	1	489	0	0	0	0	0	0
3001637	1	825	0	0	0	0	0	0
3002983	1	3132	0	0	0	0	0	0
3002686	1	624	0	0	0	0	0	0
3002220	1	741	0	0	0	0	0	0
3002300	1	801	0	0	0	0	0	0
3002454	1	840	0	0	0	0	0	0
3000377	1	1152	0	0	0	0	0	0
3000182	1	1176	0	0	0	0	0	0
3001299	1	843	0	0	0	0	0	0
3003562	1	885	0	0	0	0	0	0
3002698	1	1230	0	0	0	0	0	0
3000535	1	1935	0	0	0	0	0	0
3001195	1	861	0	0	0	0	0	0
3000844	1	747	0	0	0	0	0	0
3000809	1	1464	0	0	0	0	0	0
3002364	1	927	0	0	0	0	0	0
3002927	1	696	0	0	0	0	0	0
3001633	1	825	0	0	0	0	0	0
3001662	1	843	0	0	0	0	0	0
3002542	1	861	0	0	0	0	0	0
3002196	1	741	0	0	0	0	0	0
3003049	1	1692	0	0	0	0	0	0
3000180	1	1263	0	0	0	0	0	0
3001872	1	876	0	0	0	0	0	0
3003175	1	852	0	0	0	0	0	0
3002460	1	861	0	0	0	0	0	0
3004867	1	813	0	0	0	0	0	0
3002789	1	645	0	0	0	0	0	0
3002296	1	801	0	0	0	0	0	0
3001572	1	825	0	0	0	0	0	0
3001620	1	825	0	0	0	0	0	0
3003020	1	459	0	0	0	0	0	0
3001096	1	861	0	0	0	0	0	0
3002521	1	1173	0	0	0	0	0	0
3003152	1	861	0	0	0	0	0	0
3002281	1	801	0	0	0	0	0	0
3001909	1	876	0	0	0	0	0	0
3002255	1	897	0	0	0	0	0	0
3001672	1	825	0	0	0	0	0	0
3000779	1	1452	0	0	0	0	0	0
3002562	1	441	0	0	0	0	0	0
3003202	1	945	0	0	0	0	0	0
3002850	1	453	0	0	0	0	0	0
3002743	1	645	0	0	0	0	0	0
3002305	1	801	0	0	0	0	0	0
3001783	1	786	0	0	0	0	0	0
3001702	1	822	0	0	0	0	0	0
3001068	1	858	0	0	0	0	0	0
3003047	1	1545	0	0	0	0	0	0
3001622	1	825	0	0	0	0	0	0
3002441	1	861	0	0	0	0	0	0
3002439	1	861	0	0	0	0	0	0
3002213	1	741	0	0	0	0	0	0
3001136	1	861	0	0	0	0	0	0
3001903	1	876	0	0	0	0	0	0
3001882	1	876	0	0	0	0	0	0
3001691	1	831	0	0	0	0	0	0
3002814	1	1050	0	0	0	0	0	0
3001767	1	810	0	0	0	0	0	0
3001765	1	810	0	0	0	0	0	0
3002545	1	558	0	0	0	0	0	0
3002530	1	531	0	0	0	0	0	0
3002777	1	645	0	0	0	0	0	0
3001070	1	861	0	0	0	0	0	0
3002829	1	1569	0	0	0	0	0	0
3001338	1	900	0	0	0	0	0	0
3002357	1	813	0	0	0	0	0	0
3002290	1	801	0	0	0	0	0	0
3002424	1	861	0	0	0	0	0	0
3002262	1	720	0	0	0	0	0	0
3001981	1	876	0	0	0	0	0	0
3002813	1	1434	0	0	0	0	0	0
3000768	1	330	0	0	0	0	0	0
3001129	1	861	0	0	0	0	0	0
3002995	1	918	0	0	0	0	0	0
3003014	1	474	0	0	0	0	0	0
3002420	1	861	0	0	0	0	0	0
3003016	1	510	0	0	0	0	0	0
3002286	1	801	0	0	0	0	0	0
3001571	1	825	0	0	0	0	0	0
3001631	1	843	0	0	0	0	0	0
3001859	1	879	0	0	0	0	0	0
3001548	1	831	0	0	0	0	0	0
3000206	1	1056	0	0	0	0	0	0
3001192	1	858	0	0	0	0	0	0
3001516	1	822	0	0	0	0	0	0
3002506	1	1194	0	0	0	0	0	0
3003557	1	735	0	0	0	0	0	0
3002358	1	813	0	0	0	0	0	0
3003551	1	1182	0	0	0	0	0	0
3001088	1	861	0	0	0	0	0	0
3001793	1	831	0	0	0	0	0	0
3000498	1	801	0	0	0	0	0	0
3002136	1	1140	0	0	0	0	0	0
3001616	1	825	0	0	0	0	0	0
3003110	1	633	0	0	0	0	0	0
3002298	1	801	0	0	0	0	0	0
3000781	1	3177	0	0	0	0	0	0
3001542	1	831	0	0	0	0	0	0
3003057	1	1401	0	0	0	0	0	0
3001520	1	822	0	0	0	0	0	0
3001827	1	1140	0	0	0	0	0	0
3002245	1	867	0	0	0	0	0	0
3002400	1	873	0	0	0	0	0	0
3002396	1	873	0	0	0	0	0	0
3000215	1	1758	0	0	0	0	0	0
3001536	1	822	0	0	0	0	0	0
3001440	1	825	0	0	0	0	0	0
3002893	1	1539	0	0	0	0	0	0
3002898	1	543	0	0	0	0	0	0
3000476	1	1233	0	0	0	0	0	0
3002674	1	660	0	0	0	0	0	0
3002541	1	867	0	0	0	0	0	0
3002857	1	552	0	0	0	0	0	0
3001610	1	828	0	0	0	0	0	0
3001668	1	825	0	0	0	0	0	0
3000656	1	663	0	0	0	0	0	0
3002956	1	807	0	0	0	0	0	0
3002967	1	582	0	0	0	0	0	0
3004254	1	345	0	0	0	0	0	0
3001184	1	861	0	0	0	0	0	0
3002584	1	402	0	0	0	0	0	0
3002275	1	801	0	0	0	0	0	0
3003171	1	1146	0	0	0	0	0	0
3001926	1	876	0	0	0	0	0	0
3002259	1	720	0	0	0	0	0	0
3001994	1	876	0	0	0	0	0	0
3002239	1	741	0	0	0	0	0	0
3001420	1	828	0	0	0	0	0	0
3002555	1	441	0	0	0	0	0	0
3001471	1	822	0	0	0	0	0	0
3002509	1	1194	0	0	0	0	0	0
3001157	1	861	0	0	0	0	0	0
3001095	1	861	0	0	0	0	0	0
3001498	1	822	0	0	0	0	0	0
3001776	1	798	0	0	0	0	0	0
3002651	1	795	0	0	0	0	0	0
3001982	1	876	0	0	0	0	0	0
3001777	1	825	0	0	0	0	0	0
3001417	1	825	0	0	0	0	0	0
3001902	1	873	0	0	0	0	0	0
3003441	1	1050	0	0	0	0	0	0
3003106	1	906	0	0	0	0	0	0
3001851	1	1146	0	0	0	0	0	0
3001176	1	861	0	0	0	0	0	0
3001957	1	876	0	0	0	0	0	0
3002700	1	1311	0	0	0	0	0	0
3002661	1	999	0	0	0	0	0	0
3000853	1	912	0	0	0	0	0	0
3001911	1	876	0	0	0	0	0	0
3003023	1	237	0	0	0	0	0	0
3001117	1	861	0	0	0	0	0	0
3002675	1	633	0	0	0	0	0	0
3001942	1	876	0	0	0	0	0	0
3002864	1	237	0	0	0	0	0	0
3002500	1	1194	0	0	0	0	0	0
3001959	1	876	0	0	0	0	0	0
3002487	1	918	0	0	0	0	0	0
3002877	1	921	0	0	0	0	0	0
3001126	1	861	0	0	0	0	0	0
3002557	1	441	0	0	0	0	0	0
3000621	1	846	0	0	0	0	0	0
3001304	1	960	0	0	0	0	0	0
3001052	1	753	0	0	0	0	0	0
3001871	1	876	0	0	0	0	0	0
3002596	1	582	0	0	0	0	0	0
3002202	1	738	0	0	0	0	0	0
3001678	1	831	0	0	0	0	0	0
3004868	1	813	0	0	0	0	0	0
3002852	1	453	0	0	0	0	0	0
3002573	1	552	0	0	0	0	0	0
3002492	1	1161	0	0	0	0	0	0
3002529	1	477	0	0	0	0	0	0
3002848	1	453	0	0	0	0	0	0
3002524	1	588	0	0	0	0	0	0
3002710	1	657	0	0	0	0	0	0
3000784	1	3123	0	0	0	0	0	0
3001149	1	861	0	0	0	0	0	0
3001356	1	861	0	0	0	0	0	0
3001910	1	876	0	0	0	0	0	0
3001805	1	789	0	0	0	0	0	0
3002515	1	1173	0	0	0	0	0	0
3002683	1	660	0	0	0	0	0	0
3001151	1	861	0	0	0	0	0	0
3001485	1	828	0	0	0	0	0	0
3001101	1	861	0	0	0	0	0	0
3001113	1	861	0	0	0	0	0	0
3002476	1	471	0	0	0	0	0	0
3002517	1	1173	0	0	0	0	0	0
3000589	1	813	0	0	0	0	0	0
3002216	1	741	0	0	0	0	0	0
3001537	1	822	0	0	0	0	0	0
3002248	1	867	0	0	0	0	0	0
3001764	1	807	0	0	0	0	0	0
3002566	1	441	0	0	0	0	0	0
3002404	1	870	0	0	0	0	0	0
3003019	1	561	0	0	0	0	0	0
3001104	1	861	0	0	0	0	0	0
3002234	1	741	0	0	0	0	0	0
3001073	1	861	0	0	0	0	0	0
3002225	1	741	0	0	0	0	0	0
3001512	1	822	0	0	0	0	0	0
3002884	1	1440	0	0	0	0	0	0
3000785	1	1479	0	0	0	0	0	0
3001893	1	876	0	0	0	0	0	0
3001947	1	876	0	0	0	0	0	0
3003035	1	552	0	0	0	0	0	0
3002709	1	657	0	0	0	0	0	0
3000195	1	1959	0	0	0	0	0	0
3001189	1	858	0	0	0	0	0	0
3002434	1	861	0	0	0	0	0	0
3002836	1	804	0	0	0	0	0	0
3001209	1	1998	0	0	0	0	0	0
3000800	1	1164	0	0	0	0	0	0
3000802	1	1440	0	0	0	0	0	0
3001488	1	825	0	0	0	0	0	0
3002919	1	696	0	0	0	0	0	0
3000854	1	843	0	0	0	0	0	0
3000850	1	873	0	0	0	0	0	0
3001183	1	861	0	0	0	0	0	0
3002788	1	645	0	0	0	0	0	0
3000005	1	1032	0	0	0	0	0	0
3001078	1	780	0	0	0	0	0	0
3002948	1	1053	0	0	0	0	0	0
3002871	1	327	0	0	0	0	0	0
3000205	1	1167	0	0	0	0	0	0
3002768	1	645	0	0	0	0	0	0
3002148	1	1140	0	0	0	0	0	0
3001196	1	861	0	0	0	0	0	0
3002446	1	861	0	0	0	0	0	0
3001200	1	861	0	0	0	0	0	0
3002872	1	417	0	0	0	0	0	0
3002642	1	816	0	0	0	0	0	0
3002845	1	651	0	0	0	0	0	0
3001961	1	876	0	0	0	0	0	0
3001877	1	876	0	0	0	0	0	0
3002143	1	1140	0	0	0	0	0	0
3002419	1	861	0	0	0	0	0	0
3001655	1	825	0	0	0	0	0	0
3001421	1	828	0	0	0	0	0	0
3001663	1	828	0	0	0	0	0	0
3000746	1	420	0	0	0	0	0	0
3004603	1	1170	0	0	0	0	0	0
3002269	1	720	0	0	0	0	0	0
3001714	1	828	0	0	0	0	0	0
3002207	1	741	0	0	0	0	0	0
3001786	1	798	0	0	0	0	0	0
3000775	1	3108	0	0	0	0	0	0
3001659	1	825	0	0	0	0	0	0
3002132	1	1140	0	0	0	0	0	0
3002842	1	639	0	0	0	0	0	0
3003015	1	570	0	0	0	0	0	0
3001171	1	813	0	0	0	0	0	0
3002658	1	924	0	0	0	0	0	0
3000250	1	735	0	0	0	0	0	0
3002512	1	885	0	0	0	0	0	0
3001958	1	876	0	0	0	0	0	0
3002266	1	720	0	0	0	0	0	0
3001091	1	861	0	0	0	0	0	0
3000605	1	846	0	0	0	0	0	0
3001110	1	726	0	0	0	0	0	0
3002752	1	645	0	0	0	0	0	0
3002659	1	801	0	0	0	0	0	0
3001169	1	864	0	0	0	0	0	0
3001990	1	876	0	0	0	0	0	0
3001569	1	825	0	0	0	0	0	0
3001629	1	825	0	0	0	0	0	0
3001632	1	825	0	0	0	0	0	0
3002669	1	921	0	0	0	0	0	0
3000860	1	756	0	0	0	0	0	0
3001953	1	876	0	0	0	0	0	0
3003176	1	933	0	0	0	0	0	0
3002704	1	1428	0	0	0	0	0	0
3002463	1	861	0	0	0	0	0	0
3002626	1	864	0	0	0	0	0	0
3001155	1	861	0	0	0	0	0	0
3003153	1	861	0	0	0	0	0	0
3002428	1	861	0	0	0	0	0	0
3002295	1	801	0	0	0	0	0	0
3002587	1	555	0	0	0	0	0	0
3002534	1	810	0	0	0	0	0	0
3001567	1	825	0	0	0	0	0	0
3002817	1	1656	0	0	0	0	0	0
3000124	1	372	0	0	0	0	0	0
3001687	1	825	0	0	0	0	0	0
3002431	1	861	0	0	0	0	0	0
3002199	1	741	0	0	0	0	0	0
3001685	1	825	0	0	0	0	0	0
3002430	1	861	0	0	0	0	0	0
3001680	1	825	0	0	0	0	0	0
3001973	1	876	0	0	0	0	0	0
3001636	1	822	0	0	0	0	0	0
3002988	1	627	0	0	0	0	0	0
3001438	1	825	0	0	0	0	0	0
3001938	1	876	0	0	0	0	0	0
3000596	1	855	0	0	0	0	0	0
3001837	1	1146	0	0	0	0	0	0
3002645	1	807	0	0	0	0	0	0
3001148	1	861	0	0	0	0	0	0
3002496	1	831	0	0	0	0	0	0
3001613	1	825	0	0	0	0	0	0
3001145	1	861	0	0	0	0	0	0
3001543	1	831	0	0	0	0	0	0
3002563	1	474	0	0	0	0	0	0
3002892	1	1692	0	0	0	0	0	0
3000444	1	2598	0	0	0	0	0	0
3000567	1	1221	0	0	0	0	0	0
3000174	1	1176	0	0	0	0	0	0
3003577	1	1167	0	0	0	0	0	0
3003563	1	882	0	0	0	0	0	0
3002451	1	861	0	0	0	0	0	0
3001564	1	825	0	0	0	0	0	0
3002881	1	1653	0	0	0	0	0	0
3000841	1	729	0	0	0	0	0	0
3002933	1	1086	0	0	0	0	0	0
3001643	1	825	0	0	0	0	0	0
3001695	1	822	0	0	0	0	0	0
3003558	1	885	0	0	0	0	0	0
3001703	1	825	0	0	0	0	0	0
3000347	1	732	0	0	0	0	0	0
3000829	1	1404	0	0	0	0	0	0
3001867	1	876	0	0	0	0	0	0
3000522	1	735	0	0	0	0	0	0
3001121	1	861	0	0	0	0	0	0
3001131	1	861	0	0	0	0	0	0
3002301	1	801	0	0	0	0	0	0
3001178	1	861	0	0	0	0	0	0
3002455	1	861	0	0	0	0	0	0
3001413	1	828	0	0	0	0	0	0
3002425	1	861	0	0	0	0	0	0
3002385	1	852	0	0	0	0	0	0
3002256	1	720	0	0	0	0	0	0
3002636	1	921	0	0	0	0	0	0
3001083	1	861	0	0	0	0	0	0
3000832	1	615	0	0	0	0	0	0
3001690	1	828	0	0	0	0	0	0
3001946	1	876	0	0	0	0	0	0
3002646	1	804	0	0	0	0	0	0
3002212	1	738	0	0	0	0	0	0
3001679	1	825	0	0	0	0	0	0
3002205	1	741	0	0	0	0	0	0
3002593	1	531	0	0	0	0	0	0
3001128	1	861	0	0	0	0	0	0
3001059	1	861	0	0	0	0	0	0
3001552	1	825	0	0	0	0	0	0
3002713	1	657	0	0	0	0	0	0
3003022	1	237	0	0	0	0	0	0
3001630	1	825	0	0	0	0	0	0
3001130	1	861	0	0	0	0	0	0
3002832	1	1578	0	0	0	0	0	0
3002688	1	492	0	0	0	0	0	0
3002748	1	645	0	0	0	0	0	0
3002462	1	861	0	0	0	0	0	0
3001484	1	825	0	0	0	0	0	0
3001060	1	861	0	0	0	0	0	0
3002289	1	801	0	0	0	0	0	0
3002297	1	801	0	0	0	0	0	0
3002663	1	993	0	0	0	0	0	0
3001152	1	861	0	0	0	0	0	0
3002405	1	873	0	0	0	0	0	0
3001125	1	861	0	0	0	0	0	0
3002785	1	645	0	0	0	0	0	0
3001999	1	876	0	0	0	0	0	0
3001570	1	825	0	0	0	0	0	0
3002226	1	741	0	0	0	0	0	0
3002153	1	1140	0	0	0	0	0	0
3002452	1	861	0	0	0	0	0	0
3002475	1	822	0	0	0	0	0	0
3002228	1	747	0	0	0	0	0	0
3003116	1	843	0	0	0	0	0	0
3002274	1	801	0	0	0	0	0	0
3001197	1	858	0	0	0	0	0	0
3002221	1	741	0	0	0	0	0	0
3001870	1	876	0	0	0	0	0	0
3001511	1	822	0	0	0	0	0	0
3002456	1	861	0	0	0	0	0	0
3002438	1	861	0	0	0	0	0	0
3001689	1	828	0	0	0	0	0	0
3002197	1	741	0	0	0	0	0	0
3002585	1	519	0	0	0	0	0	0
3002254	1	852	0	0	0	0	0	0
3001114	1	861	0	0	0	0	0	0
3000601	1	1161	0	0	0	0	0	0
3000013	1	1029	0	0	0	0	0	0
3001782	1	798	0	0	0	0	0	0
3001787	1	798	0	0	0	0	0	0
3001883	1	876	0	0	0	0	0	0
3002540	1	900	0	0	0	0	0	0
3000467	1	813	0	0	0	0	0	0
3002498	1	1194	0	0	0	0	0	0
3002466	1	861	0	0	0	0	0	0
3002554	1	438	0	0	0	0	0	0
3001611	1	843	0	0	0	0	0	0
3002629	1	858	0	0	0	0	0	0
3001838	1	1146	0	0	0	0	0	0
3003162	1	822	0	0	0	0	0	0
3002847	1	453	0	0	0	0	0	0
3000495	1	864	0	0	0	0	0	0
3003177	1	879	0	0	0	0	0	0
3002652	1	780	0	0	0	0	0	0
3001474	1	825	0	0	0	0	0	0
3002444	1	861	0	0	0	0	0	0
3001476	1	747	0	0	0	0	0	0
3001925	1	876	0	0	0	0	0	0
3001418	1	822	0	0	0	0	0	0
3002508	1	1194	0	0	0	0	0	0
3002531	1	471	0	0	0	0	0	0
3000175	1	1203	0	0	0	0	0	0
3000803	1	1245	0	0	0	0	0	0
3000177	1	1197	0	0	0	0	0	0
3000181	1	1260	0	0	0	0	0	0
3002556	1	549	0	0	0	0	0	0
3001626	1	825	0	0	0	0	0	0
3001158	1	861	0	0	0	0	0	0
3001469	1	822	0	0	0	0	0	0
3002860	1	474	0	0	0	0	0	0
3002923	1	699	0	0	0	0	0	0
3002962	1	486	0	0	0	0	0	0
3001303	1	780	0	0	0	0	0	0
3000855	1	870	0	0	0	0	0	0
3000842	1	708	0	0	0	0	0	0
3001983	1	876	0	0	0	0	0	0
3001550	1	831	0	0	0	0	0	0
3001901	1	876	0	0	0	0	0	0
3001826	1	1143	0	0	0	0	0	0
3000598	1	969	0	0	0	0	0	0
3002909	1	1050	0	0	0	0	0	0
3001080	1	780	0	0	0	0	0	0
3002749	1	648	0	0	0	0	0	0
3003111	1	1479	0	0	0	0	0	0
3002421	1	861	0	0	0	0	0	0
3000421	1	1401	0	0	0	0	0	0
3002359	1	813	0	0	0	0	0	0
3001547	1	831	0	0	0	0	0	0
3001479	1	822	0	0	0	0	0	0
3002737	1	648	0	0	0	0	0	0
3002195	1	741	0	0	0	0	0	0
3000791	1	1512	0	0	0	0	0	0
3000783	1	1104	0	0	0	0	0	0
3001965	1	876	0	0	0	0	0	0
3001709	1	828	0	0	0	0	0	0
3001660	1	825	0	0	0	0	0	0
3001515	1	822	0	0	0	0	0	0
3001673	1	825	0	0	0	0	0	0
3002824	1	780	0	0	0	0	0	0
3002841	1	639	0	0	0	0	0	0
3001541	1	822	0	0	0	0	0	0
3002823	1	900	0	0	0	0	0	0
3001111	1	861	0	0	0	0	0	0
3001619	1	825	0	0	0	0	0	0
3001352	1	861	0	0	0	0	0	0
3000251	1	1467	0	0	0	0	0	0
3003151	1	852	0	0	0	0	0	0
3002309	1	801	0	0	0	0	0	0
3002144	1	1140	0	0	0	0	0	0
3001357	1	861	0	0	0	0	0	0
3002522	1	1848	0	0	0	0	0	0
3002271	1	801	0	0	0	0	0	0
3004606	1	756	0	0	0	0	0	0
3000380	1	549	0	0	0	0	0	0
3001340	1	861	0	0	0	0	0	0
3001451	1	828	0	0	0	0	0	0
3002518	1	1173	0	0	0	0	0	0
3001670	1	828	0	0	0	0	0	0
3001265	1	1011	0	0	0	0	0	0
3001869	1	876	0	0	0	0	0	0
3000526	1	633	0	0	0	0	0	0
3001583	1	843	0	0	0	0	0	0
3001135	1	861	0	0	0	0	0	0
3002525	1	546	0	0	0	0	0	0
3000676	1	414	0	0	0	0	0	0
3003010	1	3084	0	0	0	0	0	0
3002352	1	861	0	0	0	0	0	0
3001908	1	876	0	0	0	0	0	0
3003007	1	1170	0	0	0	0	0	0
3001813	1	870	0	0	0	0	0	0
3001089	1	861	0	0	0	0	0	0
3002648	1	789	0	0	0	0	0	0
3003048	1	1233	0	0	0	0	0	0
3001188	1	858	0	0	0	0	0	0
3003053	1	1416	0	0	0	0	0	0
3002624	1	759	0	0	0	0	0	0
3001766	1	810	0	0	0	0	0	0
3002567	1	441	0	0	0	0	0	0
3001928	1	876	0	0	0	0	0	0
3002280	1	801	0	0	0	0	0	0
3000595	1	735	0	0	0	0	0	0
3002726	1	648	0	0	0	0	0	0
3001641	1	825	0	0	0	0	0	0
3002270	1	732	0	0	0	0	0	0
3001092	1	861	0	0	0	0	0	0
3001970	1	876	0	0	0	0	0	0
3001635	1	825	0	0	0	0	0	0
3002440	1	861	0	0	0	0	0	0
3001482	1	822	0	0	0	0	0	0
3000168	1	1185	0	0	0	0	0	0
3002684	1	642	0	0	0	0	0	0
3002445	1	789	0	0	0	0	0	0
3000300	1	1497	0	0	0	0	0	0
3002549	1	441	0	0	0	0	0	0
3004608	1	1227	0	0	0	0	0	0
3002386	1	852	0	0	0	0	0	0
3002495	1	876	0	0	0	0	0	0
3002261	1	720	0	0	0	0	0	0
3000556	1	1923	0	0	0	0	0	0
3003107	1	1230	0	0	0	0	0	0
3000448	1	1536	0	0	0	0	0	0
3003061	1	864	0	0	0	0	0	0
3000846	1	741	0	0	0	0	0	0
3003561	1	888	0	0	0	0	0	0
3002895	1	525	0	0	0	0	0	0
3000149	1	408	0	0	0	0	0	0
3001841	1	1146	0	0	0	0	0	0
3002201	1	741	0	0	0	0	0	0
3001642	1	825	0	0	0	0	0	0
3000774	1	1191	0	0	0	0	0	0
3001713	1	828	0	0	0	0	0	0
3000833	1	3594	0	0	0	0	0	0
3001186	1	858	0	0	0	0	0	0
3000617	1	2007	0	0	0	0	0	0
3001120	1	861	0	0	0	0	0	0
3002485	1	909	0	0	0	0	0	0
3000191	1	1974	0	0	0	0	0	0
3000196	1	1920	0	0	0	0	0	0
3001614	1	825	0	0	0	0	0	0
3001470	1	822	0	0	0	0	0	0
3002560	1	552	0	0	0	0	0	0
3002625	1	756	0	0	0	0	0	0
3000516	1	531	0	0	0	0	0	0
3002647	1	795	0	0	0	0	0	0
3001173	1	813	0	0	0	0	0	0
3002878	1	771	0	0	0	0	0	0
3000828	1	723	0	0	0	0	0	0
3000810	1	1239	0	0	0	0	0	0
3001810	1	828	0	0	0	0	0	0
3001466	1	822	0	0	0	0	0	0
3001146	1	861	0	0	0	0	0	0
3003148	1	825	0	0	0	0	0	0
3002258	1	732	0	0	0	0	0	0
3002799	1	657	0	0	0	0	0	0
3003018	1	498	0	0	0	0	0	0
3001991	1	876	0	0	0	0	0	0
3002294	1	801	0	0	0	0	0	0
3001669	1	825	0	0	0	0	0	0
3002222	1	738	0	0	0	0	0	0
3002240	1	867	0	0	0	0	0	0
3002588	1	555	0	0	0	0	0	0
3002703	1	1176	0	0	0	0	0	0
3000865	1	1248	0	0	0	0	0	0
3000753	1	1347	0	0	0	0	0	0
3002781	1	645	0	0	0	0	0	0
3001888	1	876	0	0	0	0	0	0
3001684	1	825	0	0	0	0	0	0
3002668	1	795	0	0	0	0	0	0
3001861	1	879	0	0	0	0	0	0
3001568	1	825	0	0	0	0	0	0
3000790	1	3168	0	0	0	0	0	0
3002630	1	783	0	0	0	0	0	0
3001649	1	825	0	0	0	0	0	0
3003036	1	1710	0	0	0	0	0	0
3000838	1	660	0	0	0	0	0	0
3001952	1	876	0	0	0	0	0	0
3001694	1	831	0	0	0	0	0	0
3002865	1	486	0	0	0	0	0	0
3001639	1	825	0	0	0	0	0	0
3001686	1	825	0	0	0	0	0	0
3001935	1	873	0	0	0	0	0	0
3000614	1	1212	0	0	0	0	0	0
3001576	1	825	0	0	0	0	0	0
3001574	1	825	0	0	0	0	0	0
3002194	1	741	0	0	0	0	0	0
3000858	1	774	0	0	0	0	0	0
3001443	1	825	0	0	0	0	0	0
3001792	1	858	0	0	0	0	0	0
3001204	1	846	0	0	0	0	0	0
3001656	1	825	0	0	0	0	0	0
3002526	1	633	0	0	0	0	0	0
3001625	1	825	0	0	0	0	0	0
3001652	1	825	0	0	0	0	0	0
3002135	1	1140	0	0	0	0	0	0
3001817	1	1131	0	0	0	0	0	0
3002399	1	870	0	0	0	0	0	0
3000245	1	345	0	0	0	0	0	0
3002198	1	741	0	0	0	0	0	0
3001115	1	861	0	0	0	0	0	0
3001172	1	813	0	0	0	0	0	0
3000604	1	801	0	0	0	0	0	0
3001077	1	780	0	0	0	0	0	0
3001134	1	861	0	0	0	0	0	0
3003548	1	1032	0	0	0	0	0	0
3002246	1	867	0	0	0	0	0	0
3002268	1	732	0	0	0	0	0	0
3002505	1	1194	0	0	0	0	0	0
3002427	1	861	0	0	0	0	0	0
3001084	1	861	0	0	0	0	0	0
3001772	1	810	0	0	0	0	0	0
3002265	1	720	0	0	0	0	0	0
3002206	1	741	0	0	0	0	0	0
3001876	1	876	0	0	0	0	0	0
3001939	1	876	0	0	0	0	0	0
3002873	1	420	0	0	0	0	0	0
3000178	1	1380	0	0	0	0	0	0
3001118	1	861	0	0	0	0	0	0
3002513	1	903	0	0	0	0	0	0
3001072	1	861	0	0	0	0	0	0
3002469	1	861	0	0	0	0	0	0
3001179	1	861	0	0	0	0	0	0
3001313	1	1680	0	0	0	0	0	0
3002944	1	972	0	0	0	0	0	0
3000090	1	930	0	0	0	0	0	0
3000807	1	1113	0	0	0	0	0	0
3000578	1	750	0	0	0	0	0	0
3000851	1	951	0	0	0	0	0	0
3000499	1	1158	0	0	0	0	0	0
3002689	1	660	0	0	0	0	0	0
3002678	1	633	0	0	0	0	0	0
3002149	1	1140	0	0	0	0	0	0
3001906	1	876	0	0	0	0	0	0
3001337	1	861	0	0	0	0	0	0
3002249	1	897	0	0	0	0	0	0
3002231	1	741	0	0	0	0	0	0
3002379	1	885	0	0	0	0	0	0
3002544	1	855	0	0	0	0	0	0
3001847	1	1146	0	0	0	0	0	0
3002250	1	867	0	0	0	0	0	0
3001105	1	861	0	0	0	0	0	0
3001156	1	861	0	0	0	0	0	0
3002368	1	927	0	0	0	0	0	0
3001806	1	831	0	0	0	0	0	0
3003011	1	564	0	0	0	0	0	0
3002657	1	924	0	0	0	0	0	0
3001809	1	825	0	0	0	0	0	0
3002472	1	822	0	0	0	0	0	0
3001834	1	1146	0	0	0	0	0	0
3003051	1	1197	0	0	0	0	0	0
3002708	1	657	0	0	0	0	0	0
3003161	1	822	0	0	0	0	0	0
3002381	1	885	0	0	0	0	0	0
3002219	1	741	0	0	0	0	0	0
3002354	1	813	0	0	0	0	0	0
3001427	1	768	0	0	0	0	0	0
3002844	1	645	0	0	0	0	0	0
3001139	1	861	0	0	0	0	0	0
3002302	1	801	0	0	0	0	0	0
3002229	1	741	0	0	0	0	0	0
3002571	1	438	0	0	0	0	0	0
3001108	1	861	0	0	0	0	0	0
3001437	1	825	0	0	0	0	0	0
3001674	1	825	0	0	0	0	0	0
3001344	1	861	0	0	0	0	0	0
3003117	1	822	0	0	0	0	0	0
3001153	1	861	0	0	0	0	0	0
3000861	1	846	0	0	0	0	0	0
3001836	1	1146	0	0	0	0	0	0
3002982	1	1200	0	0	0	0	0	0
3002875	1	495	0	0	0	0	0	0
3003205	1	732	0	0	0	0	0	0
3002650	1	792	0	0	0	0	0	0
3000375	1	747	0	0	0	0	0	0
3003066	1	690	0	0	0	0	0	0
3001645	1	825	0	0	0	0	0	0
3000391	1	1164	0	0	0	0	0	0
3001182	1	861	0	0	0	0	0	0
3002283	1	801	0	0	0	0	0	0
3003154	1	867	0	0	0	0	0	0
3000816	1	687	0	0	0	0	0	0
3002453	1	861	0	0	0	0	0	0
3002628	1	831	0	0	0	0	0	0
3001924	1	873	0	0	0	0	0	0
3001839	1	1146	0	0	0	0	0	0
3000172	1	417	0	0	0	0	0	0
3001159	1	861	0	0	0	0	0	0
3001627	1	825	0	0	0	0	0	0
3002586	1	555	0	0	0	0	0	0
3001170	1	813	0	0	0	0	0	0
3002685	1	642	0	0	0	0	0	0
3002861	1	474	0	0	0	0	0	0
3002803	1	657	0	0	0	0	0	0
3002742	1	645	0	0	0	0	0	0
3002859	1	474	0	0	0	0	0	0
3003440	1	2025	0	0	0	0	0	0
3001419	1	828	0	0	0	0	0	0
3001061	1	861	0	0	0	0	0	0
3001081	1	780	0	0	0	0	0	0
3002482	1	888	0	0	0	0	0	0
3002575	1	567	0	0	0	0	0	0
3001140	1	861	0	0	0	0	0	0
3001945	1	876	0	0	0	0	0	0
3001879	1	876	0	0	0	0	0	0
3002787	1	666	0	0	0	0	0	0
3002382	1	885	0	0	0	0	0	0
3000594	1	1023	0	0	0	0	0	0
3002635	1	900	0	0	0	0	0	0
3002009	1	873	0	0	0	0	0	0
3002907	1	1059	0	0	0	0	0	0
3001549	1	831	0	0	0	0	0	0
3000582	1	888	0	0	0	0	0	0
3001103	1	861	0	0	0	0	0	0
3002897	1	543	0	0	0	0	0	0
3000801	1	3132	0	0	0	0	0	0
3000569	1	1182	0	0	0	0	0	0
3003194	1	753	0	0	0	0	0	0
3002882	1	1995	0	0	0	0	0	0
3001473	1	825	0	0	0	0	0	0
3002833	1	1575	0	0	0	0	0	0
3001955	1	876	0	0	0	0	0	0
3001193	1	858	0	0	0	0	0	0
3002204	1	741	0	0	0	0	0	0
3002687	1	660	0	0	0	0	0	0
3003564	1	945	0	0	0	0	0	0
3002952	1	672	0	0	0	0	0	0
3002922	1	696	0	0	0	0	0	0
3000843	1	741	0	0	0	0	0	0
3003070	1	609	0	0	0	0	0	0
3003039	1	1404	0	0	0	0	0	0
3002935	1	1074	0	0	0	0	0	0
3001138	1	831	0	0	0	0	0	0
3001664	1	825	0	0	0	0	0	0
3002816	1	1053	0	0	0	0	0	0
3002985	1	1989	0	0	0	0	0	0
3001124	1	861	0	0	0	0	0	0
3001828	1	1146	0	0	0	0	0	0
3001865	1	876	0	0	0	0	0	0
3002152	1	1140	0	0	0	0	0	0
3002553	1	435	0	0	0	0	0	0
3002211	1	741	0	0	0	0	0	0
3002972	1	2139	0	0	0	0	0	0
3002926	1	708	0	0	0	0	0	0
3000192	1	1926	0	0	0	0	0	0
3002559	1	522	0	0	0	0	0	0
3001147	1	861	0	0	0	0	0	0
3002594	1	555	0	0	0	0	0	0
3002437	1	861	0	0	0	0	0	0
3001503	1	825	0	0	0	0	0	0
3001561	1	825	0	0	0	0	0	0
3002247	1	897	0	0	0	0	0	0
3002450	1	861	0	0	0	0	0	0
3001815	1	1161	0	0	0	0	0	0
3000782	1	1455	0	0	0	0	0	0
3000823	1	375	0	0	0	0	0	0
3002712	1	657	0	0	0	0	0	0
3002564	1	441	0	0	0	0	0	0
3001868	1	876	0	0	0	0	0	0
3001671	1	825	0	0	0	0	0	0
3000533	1	1179	0	0	0	0	0	0
3002656	1	1263	0	0	0	0	0	0
3002465	1	861	0	0	0	0	0	0
3001098	1	861	0	0	0	0	0	0
3001950	1	876	0	0	0	0	0	0
3001688	1	825	0	0	0	0	0	0
3001540	1	822	0	0	0	0	0	0
3002138	1	1140	0	0	0	0	0	0
3002519	1	1173	0	0	0	0	0	0
3001848	1	1146	0	0	0	0	0	0
3000602	1	741	0	0	0	0	0	0
3003207	1	399	0	0	0	0	0	0
3001160	1	861	0	0	0	0	0	0
3002718	1	645	0	0	0	0	0	0
3002232	1	738	0	0	0	0	0	0
3001306	1	936	0	0	0	0	0	0
3001785	1	822	0	0	0	0	0	0
3001584	1	822	0	0	0	0	0	0
3001693	1	831	0	0	0	0	0	0
3003009	1	1218	0	0	0	0	0	0
3000343	1	1230	0	0	0	0	0	0
3002235	1	738	0	0	0	0	0	0
3001127	1	858	0	0	0	0	0	0
3001769	1	810	0	0	0	0	0	0
3001676	1	831	0	0	0	0	0	0
3000318	1	909	0	0	0	0	0	0
3001190	1	858	0	0	0	0	0	0
3002260	1	729	0	0	0	0	0	0
3002840	1	660	0	0	0	0	0	0
3002623	1	771	0	0	0	0	0	0
3001907	1	870	0	0	0	0	0	0
3001075	1	876	0	0	0	0	0	0
3001546	1	822	0	0	0	0	0	0
3001086	1	861	0	0	0	0	0	0
3001526	1	825	0	0	0	0	0	0
3002702	1	1176	0	0	0	0	0	0
3002215	1	741	0	0	0	0	0	0
3003112	1	1479	0	0	0	0	0	0
3002209	1	741	0	0	0	0	0	0
3001682	1	825	0	0	0	0	0	0
3000599	1	732	0	0	0	0	0	0
3001187	1	858	0	0	0	0	0	0
3002913	1	1041	0	0	0	0	0	0
3001514	1	822	0	0	0	0	0	0
3002908	1	1032	0	0	0	0	0	0
3001538	1	822	0	0	0	0	0	0
3000590	1	813	0	0	0	0	0	0
3001647	1	843	0	0	0	0	0	0
3002284	1	801	0	0	0	0	0	0
3002433	1	861	0	0	0	0	0	0
3001975	1	876	0	0	0	0	0	0
3001966	1	870	0	0	0	0	0	0
3001198	1	858	0	0	0	0	0	0
3001661	1	825	0	0	0	0	0	0
3002422	1	861	0	0	0	0	0	0
3001779	1	825	0	0	0	0	0	0
3000573	1	1560	0	0	0	0	0	0
3002523	1	537	0	0	0	0	0	0
3002306	1	801	0	0	0	0	0	0
3003033	1	3141	0	0	0	0	0	0
3003178	1	801	0	0	0	0	0	0
3002151	1	1140	0	0	0	0	0	0
3002145	1	1140	0	0	0	0	0	0
3002950	1	609	0	0	0	0	0	0
3003559	1	903	0	0	0	0	0	0
3001327	1	1425	0	0	0	0	0	0
3000848	1	756	0	0	0	0	0	0
3002945	1	969	0	0	0	0	0	0
3003059	1	594	0	0	0	0	0	0
3002825	1	735	0	0	0	0	0	0
3001351	1	864	0	0	0	0	0	0
3001167	1	861	0	0	0	0	0	0
3001468	1	822	0	0	0	0	0	0
3002800	1	657	0	0	0	0	0	0
3001638	1	825	0	0	0	0	0	0
3001618	1	825	0	0	0	0	0	0
3002285	1	801	0	0	0	0	0	0
3002241	1	867	0	0	0	0	0	0
3002954	1	609	0	0	0	0	0	0
3002961	1	702	0	0	0	0	0	0
3000186	1	1920	0	0	0	0	0	0
3000197	1	1923	0	0	0	0	0	0
3001992	1	876	0	0	0	0	0	0
3000118	1	1659	0	0	0	0	0	0
3002986	1	822	0	0	0	0	0	0
3002561	1	441	0	0	0	0	0	0
3000866	1	1275	0	0	0	0	0	0
3001889	1	876	0	0	0	0	0	0
3003063	1	339	0	0	0	0	0	0
3001064	1	861	0	0	0	0	0	0
3002589	1	549	0	0	0	0	0	0
3001560	1	825	0	0	0	0	0	0
3001666	1	825	0	0	0	0	0	0
3001920	1	876	0	0	0	0	0	0
3001824	1	1146	0	0	0	0	0	0
3002614	1	786	0	0	0	0	0	0
3001621	1	825	0	0	0	0	0	0
3001860	1	879	0	0	0	0	0	0
3002667	1	744	0	0	0	0	0	0
3001648	1	825	0	0	0	0	0	0
3001683	1	825	0	0	0	0	0	0
3001951	1	876	0	0	0	0	0	0
3001936	1	873	0	0	0	0	0	0
3000449	1	993	0	0	0	0	0	0
3002666	1	780	0	0	0	0	0	0
3000859	1	756	0	0	0	0	0	0
3002279	1	801	0	0	0	0	0	0
3001573	1	825	0	0	0	0	0	0
3003193	1	657	0	0	0	0	0	0
3001465	1	822	0	0	0	0	0	0
3002478	1	840	0	0	0	0	0	0
3001640	1	825	0	0	0	0	0	0
3002273	1	801	0	0	0	0	0	0
3001819	1	1161	0	0	0	0	0	0
3002401	1	873	0	0	0	0	0	0
3001615	1	825	0	0	0	0	0	0
3001575	1	825	0	0	0	0	0	0
3001481	1	822	0	0	0	0	0	0
3002457	1	861	0	0	0	0	0	0
3002494	1	1137	0	0	0	0	0	0
3002536	1	816	0	0	0	0	0	0
3000559	1	654	0	0	0	0	0	0
3001705	1	828	0	0	0	0	0	0
3001634	1	825	0	0	0	0	0	0
3002141	1	1140	0	0	0	0	0	0
3001971	1	876	0	0	0	0	0	0
3002471	1	861	0	0	0	0	0	0
3002355	1	813	0	0	0	0	0	0
3002590	1	552	0	0	0	0	0	0
3001609	1	828	0	0	0	0	0	0
3001174	1	813	0	0	0	0	0	0
3002362	1	813	0	0	0	0	0	0
3001565	1	825	0	0	0	0	0	0
3001913	1	876	0	0	0	0	0	0
3001852	1	1146	0	0	0	0	0	0
3001842	1	1146	0	0	0	0	0	0
3001880	1	876	0	0	0	0	0	0
3002423	1	861	0	0	0	0	0	0
3003199	1	462	0	0	0	0	0	0
3002572	1	435	0	0	0	0	0	0
3002484	1	1830	0	0	0	0	0	0
3002869	1	492	0	0	0	0	0	0
3002387	1	852	0	0	0	0	0	0
3002631	1	774	0	0	0	0	0	0
3001085	1	861	0	0	0	0	0	0
3000363	1	1260	0	0	0	0	0	0
3000263	1	384	0	0	0	0	0	0
3002638	1	819	0	0	0	0	0	0
3002911	1	1032	0	0	0	0	0	0
3001087	1	861	0	0	0	0	0	0
3001796	1	789	0	0	0	0	0	0
3001844	1	1146	0	0	0	0	0	0
3002223	1	741	0	0	0	0	0	0
3001199	1	861	0	0	0	0	0	0
3002838	1	495	0	0	0	0	0	0
3001905	1	876	0	0	0	0	0	0
3000811	1	3204	0	0	0	0	0	0
3002568	1	441	0	0	0	0	0	0
3000378	1	3141	0	0	0	0	0	0
3000561	1	1185	0	0	0	0	0	0
3000565	1	1353	0	0	0	0	0	0
3000183	1	1155	0	0	0	0	0	0
3001336	1	861	0	0	0	0	0	0
3002006	1	876	0	0	0	0	0	0
3001107	1	861	0	0	0	0	0	0
3003168	1	876	0	0	0	0	0	0
3002846	1	432	0	0	0	0	0	0
3001396	1	831	0	0	0	0	0	0
3001194	1	858	0	0	0	0	0	0
3001424	1	801	0	0	0	0	0	0
3001858	1	879	0	0	0	0	0	0
3002958	1	882	0	0	0	0	0	0
3002931	1	1155	0	0	0	0	0	0
3002288	1	789	0	0	0	0	0	0
3002303	1	801	0	0	0	0	0	0
3001830	1	1146	0	0	0	0	0	0
3003052	1	3150	0	0	0	0	0	0
3001781	1	831	0	0	0	0	0	0
3002236	1	738	0	0	0	0	0	0
3002461	1	861	0	0	0	0	0	0
3001441	1	786	0	0	0	0	0	0
3003156	1	861	0	0	0	0	0	0
3001102	1	861	0	0	0	0	0	0
3003021	1	237	0	0	0	0	0	0
3001454	1	825	0	0	0	0	0	0
3003006	1	1203	0	0	0	0	0	0
3002558	1	438	0	0	0	0	0	0
3001665	1	825	0	0	0	0	0	0
3003210	1	417	0	0	0	0	0	0
3001791	1	786	0	0	0	0	0	0
3000010	1	1032	0	0	0	0	0	0
3002200	1	738	0	0	0	0	0	0
3001345	1	861	0	0	0	0	0	0
3001066	1	861	0	0	0	0	0	0
3002707	1	657	0	0	0	0	0	0
3002570	1	462	0	0	0	0	0	0
3002827	1	1647	0	0	0	0	0	0
3001944	1	876	0	0	0	0	0	0
3001675	1	825	0	0	0	0	0	0
3001949	1	876	0	0	0	0	0	0
3002218	1	741	0	0	0	0	0	0
3001523	1	822	0	0	0	0	0	0
3001185	1	861	0	0	0	0	0	0
3001988	1	876	0	0	0	0	0	0
3001361	1	861	0	0	0	0	0	0
3000603	1	417	0	0	0	0	0	0
3002134	1	1140	0	0	0	0	0	0
3001774	1	798	0	0	0	0	0	0
3001712	1	822	0	0	0	0	0	0
3001203	1	858	0	0	0	0	0	0
3001963	1	876	0	0	0	0	0	0
3001653	1	825	0	0	0	0	0	0
3001816	1	1173	0	0	0	0	0	0
3001624	1	825	0	0	0	0	0	0
3002543	1	846	0	0	0	0	0	0
3001657	1	825	0	0	0	0	0	0
3001202	1	858	0	0	0	0	0	0
3003174	1	852	0	0	0	0	0	0
3003147	1	825	0	0	0	0	0	0
3002264	1	720	0	0	0	0	0	0
3002398	1	870	0	0	0	0	0	0
3001510	1	822	0	0	0	0	0	0
3001771	1	810	0	0	0	0	0	0
3001519	1	822	0	0	0	0	0	0
3003013	1	474	0	0	0	0	0	0
3002640	1	765	0	0	0	0	0	0
3002862	1	474	0	0	0	0	0	0
3002819	1	1479	0	0	0	0	0	0
3002510	1	909	0	0	0	0	0	0
3001362	1	861	0	0	0	0	0	0
3002812	1	1125	0	0	0	0	0	0
3002418	1	861	0	0	0	0	0	0
3002874	1	399	0	0	0	0	0	0
3002277	1	798	0	0	0	0	0	0
3000319	1	900	0	0	0	0	0	0
3000217	1	1767	0	0	0	0	0	0
3003665	1	888	0	0	0	0	0	0
3000862	1	825	0	0	0	0	0	0
3000024	1	1695	0	0	0	0	0	0
3001062	1	861	0	0	0	0	0	0
3003150	1	852	0	0	0	0	0	0
3000025	1	1767	0	0	0	0	0	0
3002644	1	795	0	0	0	0	0	0
3002489	1	1128	0	0	0	0	0	0
3002486	1	909	0	0	0	0	0	0
3002831	1	1569	0	0	0	0	0	0
3003037	1	1536	0	0	0	0	0	0
3001853	1	1146	0	0	0	0	0	0
3003183	1	813	0	0	0	0	0	0
3001742	1	837	0	0	0	0	0	0
3000463	1	1254	0	0	0	0	0	0
3000822	1	1200	0	0	0	0	0	0
3000478	1	1224	0	0	0	0	0	0
3000481	1	1110	0	0	0	0	0	0
3002672	1	663	0	0	0	0	0	0
3003589	1	879	0	0	0	0	0	0
3000856	1	885	0	0	0	0	0	0
3003578	1	969	0	0	0	0	0	0
3002953	1	609	0	0	0	0	0	0
3002894	1	1056	0	0	0	0	0	0
3000193	1	1956	0	0	0	0	0	0
3006236	1	1146	0	0	0	0	0	0
3004601	1	501	0	0	0	0	0	0
3003324	1	2571	0	0	0	0	0	0
3002501	1	1194	0	0	0	0	0	0
3003679	1	1152	0	0	0	0	0	0
3003680	1	1071	0	0	0	0	0	0
3003681	1	3048	0	0	0	0	0	0
3003682	1	1449	0	0	0	0	0	0
3003637	1	825	0	0	0	0	0	0
3006237	1	1146	0	0	0	0	0	0
3003698	1	1158	0	0	0	0	0	0
3003699	1	3162	0	0	0	0	0	0
3003687	1	780	0	0	0	0	0	0
3003692	1	1104	0	0	0	0	0	0
3003693	1	3078	0	0	0	0	0	0
3003030	1	1131	0	0	0	0	0	0
3003700	1	1476	0	0	0	0	0	0
3003704	1	1158	0	0	0	0	0	0
3003705	1	3111	0	0	0	0	0	0
3003677	1	555	0	0	0	0	0	0
3003713	1	855	0	0	0	0	0	0
3003670	1	861	0	0	0	0	0	0
3003714	1	858	0	0	0	0	0	0
3003715	1	714	0	0	0	0	0	0
3003716	1	873	0	0	0	0	0	0
3003717	1	873	0	0	0	0	0	0
3003718	1	1026	0	0	0	0	0	0
3003719	1	819	0	0	0	0	0	0
3003720	1	858	0	0	0	0	0	0
3001743	1	843	0	0	0	0	0	0
3004789	1	888	0	0	0	0	0	0
3005278	1	1194	0	0	0	0	0	0
3002914	1	993	0	0	0	0	0	0
3003731	1	642	0	0	0	0	0	0
3003723	1	1047	0	0	0	0	0	0
3001534	1	825	0	0	0	0	0	0
3003595	1	786	0	0	0	0	0	0
3003634	1	810	0	0	0	0	0	0
3003744	1	666	0	0	0	0	0	0
3003762	1	522	0	0	0	0	0	0
3003748	1	978	0	0	0	0	0	0
3003749	1	1626	0	0	0	0	0	0
3001301	1	849	0	0	0	0	0	0
3002934	1	702	0	0	0	0	0	0
3003770	1	2598	0	0	0	0	0	0
3003772	1	2643	0	0	0	0	0	0
3003773	1	1710	0	0	0	0	0	0
3003774	1	2544	0	0	0	0	0	0
3003767	1	900	0	0	0	0	0	0
3003728	1	699	0	0	0	0	0	0
3003725	1	609	0	0	0	0	0	0
3003733	1	639	0	0	0	0	0	0
3003746	1	1968	0	0	0	0	0	0
3003855	1	1167	0	0	0	0	0	0
3004617	1	1152	0	0	0	0	0	0
3004618	1	1152	0	0	0	0	0	0
3004615	1	1152	0	0	0	0	0	0
3003793	1	831	0	0	0	0	0	0
3004619	1	1152	0	0	0	0	0	0
3003838	1	729	0	0	0	0	0	0
3003835	1	1326	0	0	0	0	0	0
3001551	1	828	0	0	0	0	0	0
3003596	1	822	0	0	0	0	0	0
3003635	1	810	0	0	0	0	0	0
3004784	1	894	0	0	0	0	0	0
3004844	1	861	0	0	0	0	0	0
3003204	1	930	0	0	0	0	0	0
3004620	1	1152	0	0	0	0	0	0
3003200	1	573	0	0	0	0	0	0
3004797	1	885	0	0	0	0	0	0
3003841	1	678	0	0	0	0	0	0
3002474	1	861	0	0	0	0	0	0
3003848	1	1152	0	0	0	0	0	0
3004626	1	915	0	0	0	0	0	0
3006357	1	1152	0	0	0	0	0	0
3003842	1	741	0	0	0	0	0	0
3004629	1	537	0	0	0	0	0	0
3004633	1	1152	0	0	0	0	0	0
3004634	1	1152	0	0	0	0	0	0
3004635	1	459	0	0	0	0	0	0
3004636	1	645	0	0	0	0	0	0
3004637	1	645	0	0	0	0	0	0
3004639	1	1542	0	0	0	0	0	0
3004640	1	474	0	0	0	0	0	0
3004641	1	564	0	0	0	0	0	0
3004643	1	855	0	0	0	0	0	0
3004644	1	474	0	0	0	0	0	0
3004645	1	576	0	0	0	0	0	0
3004649	1	1050	0	0	0	0	0	0
3003847	1	1152	0	0	0	0	0	0
3003849	1	1152	0	0	0	0	0	0
3003850	1	1152	0	0	0	0	0	0
3003852	1	1152	0	0	0	0	0	0
3003853	1	1152	0	0	0	0	0	0
3003854	1	1194	0	0	0	0	0	0
3003851	1	1152	0	0	0	0	0	0
3003856	1	1152	0	0	0	0	0	0
3006330	1	1152	0	0	0	0	0	0
3003905	1	762	0	0	0	0	0	0
3004632	1	1152	0	0	0	0	0	0
3003908	1	741	0	0	0	0	0	0
3004638	1	504	0	0	0	0	0	0
3004642	1	480	0	0	0	0	0	0
3002539	1	777	0	0	0	0	0	0
3003922	1	1176	0	0	0	0	0	0
3001746	1	837	0	0	0	0	0	0
3003918	1	825	0	0	0	0	0	0
3003942	1	4359	0	0	0	0	0	0
3001558	1	774	0	0	0	0	0	0
3003907	1	1041	0	0	0	0	0	0
3003597	1	825	0	0	0	0	0	0
3003636	1	810	0	0	0	0	0	0
3004786	1	789	0	0	0	0	0	0
3004788	1	888	0	0	0	0	0	0
3004795	1	867	0	0	0	0	0	0
3004652	1	783	0	0	0	0	0	0
3003948	1	1728	0	0	0	0	0	0
3003949	1	1086	0	0	0	0	0	0
3005283	1	1194	0	0	0	0	0	0
3003950	1	1749	0	0	0	0	0	0
3003953	1	1395	0	0	0	0	0	0
3003954	1	1287	0	0	0	0	0	0
3003955	1	1593	0	0	0	0	0	0
3003961	1	1155	0	0	0	0	0	0
3003962	1	1527	0	0	0	0	0	0
3003964	1	1332	0	0	0	0	0	0
3003969	1	1221	0	0	0	0	0	0
3006358	1	1152	0	0	0	0	0	0
3003967	1	1515	0	0	0	0	0	0
3004656	1	642	0	0	0	0	0	0
3004657	1	654	0	0	0	0	0	0
3004658	1	648	0	0	0	0	0	0
3004659	1	1206	0	0	0	0	0	0
3004660	1	633	0	0	0	0	0	0
3004651	1	1572	0	0	0	0	0	0
3004661	1	420	0	0	0	0	0	0
3004663	1	645	0	0	0	0	0	0
3004667	1	1167	0	0	0	0	0	0
3004670	1	420	0	0	0	0	0	0
3004671	1	420	0	0	0	0	0	0
3004628	1	783	0	0	0	0	0	0
3004669	1	1026	0	0	0	0	0	0
3004672	1	420	0	0	0	0	0	0
3004675	1	795	0	0	0	0	0	0
3001747	1	837	0	0	0	0	0	0
3003598	1	825	0	0	0	0	0	0
3006238	1	1146	0	0	0	0	0	0
3004699	1	570	0	0	0	0	0	0
3004845	1	861	0	0	0	0	0	0
3004666	1	1248	0	0	0	0	0	0
3004673	1	420	0	0	0	0	0	0
3004677	1	744	0	0	0	0	0	0
3004680	1	804	0	0	0	0	0	0
3003982	1	864	0	0	0	0	0	0
3003983	1	654	0	0	0	0	0	0
3003984	1	2259	0	0	0	0	0	0
3003986	1	1947	0	0	0	0	0	0
3003987	1	633	0	0	0	0	0	0
3003988	1	723	0	0	0	0	0	0
3003989	1	594	0	0	0	0	0	0
3003991	1	927	0	0	0	0	0	0
3003992	1	2655	0	0	0	0	0	0
3003994	1	486	0	0	0	0	0	0
3004683	1	864	0	0	0	0	0	0
3004685	1	1626	0	0	0	0	0	0
3004688	1	1629	0	0	0	0	0	0
3004073	1	1281	0	0	0	0	0	0
3003980	1	1032	0	0	0	0	0	0
3003990	1	891	0	0	0	0	0	0
3004715	1	1575	0	0	0	0	0	0
3001748	1	837	0	0	0	0	0	0
3001578	1	831	0	0	0	0	0	0
3004674	1	420	0	0	0	0	0	0
3004678	1	822	0	0	0	0	0	0
3004686	1	1626	0	0	0	0	0	0
3004689	1	1626	0	0	0	0	0	0
3001749	1	837	0	0	0	0	0	0
3004730	1	1518	0	0	0	0	0	0
3001586	1	825	0	0	0	0	0	0
3003599	1	828	0	0	0	0	0	0
3003639	1	822	0	0	0	0	0	0
3004790	1	888	0	0	0	0	0	0
3004798	1	885	0	0	0	0	0	0
3004846	1	861	0	0	0	0	0	0
3004870	1	813	0	0	0	0	0	0
3003870	1	1152	0	0	0	0	0	0
3003871	1	1152	0	0	0	0	0	0
3004679	1	822	0	0	0	0	0	0
3004687	1	1626	0	0	0	0	0	0
3004690	1	1626	0	0	0	0	0	0
3001588	1	825	0	0	0	0	0	0
3001717	1	825	0	0	0	0	0	0
3001750	1	837	0	0	0	0	0	0
3001587	1	825	0	0	0	0	0	0
3006331	1	1152	0	0	0	0	0	0
3004720	1	1158	0	0	0	0	0	0
3003600	1	816	0	0	0	0	0	0
3003640	1	822	0	0	0	0	0	0
3004791	1	888	0	0	0	0	0	0
3004799	1	885	0	0	0	0	0	0
3004801	1	864	0	0	0	0	0	0
3004802	1	873	0	0	0	0	0	0
3004847	1	861	0	0	0	0	0	0
3004871	1	813	0	0	0	0	0	0
3006359	1	1152	0	0	0	0	0	0
3001452	1	705	0	0	0	0	0	0
3001718	1	825	0	0	0	0	0	0
3001752	1	858	0	0	0	0	0	0
3001589	1	825	0	0	0	0	0	0
3000462	1	1257	0	0	0	0	0	0
3006332	1	1152	0	0	0	0	0	0
3006333	1	1152	0	0	0	0	0	0
3001707	1	822	0	0	0	0	0	0
3001719	1	825	0	0	0	0	0	0
3001753	1	858	0	0	0	0	0	0
3001595	1	825	0	0	0	0	0	0
3003602	1	750	0	0	0	0	0	0
3003641	1	798	0	0	0	0	0	0
3004792	1	888	0	0	0	0	0	0
3004803	1	879	0	0	0	0	0	0
3004848	1	861	0	0	0	0	0	0
3004036	1	1740	0	0	0	0	0	0
3004032	1	1725	0	0	0	0	0	0
3004033	1	1737	0	0	0	0	0	0
3004035	1	1740	0	0	0	0	0	0
3002705	1	1215	0	0	0	0	0	0
3004072	1	1497	0	0	0	0	0	0
3000849	1	705	0	0	0	0	0	0
3000620	1	1014	0	0	0	0	0	0
3004038	1	333	0	0	0	0	0	0
3004039	1	333	0	0	0	0	0	0
3001444	1	825	0	0	0	0	0	0
3004042	1	1194	0	0	0	0	0	0
3001720	1	828	0	0	0	0	0	0
3001596	1	786	0	0	0	0	0	0
3003603	1	774	0	0	0	0	0	0
3003642	1	789	0	0	0	0	0	0
3004793	1	888	0	0	0	0	0	0
3004804	1	873	0	0	0	0	0	0
3004849	1	861	0	0	0	0	0	0
3006360	1	1152	0	0	0	0	0	0
3003801	1	1209	0	0	0	0	0	0
3003862	1	1152	0	0	0	0	0	0
3001445	1	825	0	0	0	0	0	0
3003072	1	912	0	0	0	0	0	0
3004056	1	162	0	0	0	0	0	0
3001721	1	828	0	0	0	0	0	0
3001755	1	831	0	0	0	0	0	0
3001597	1	825	0	0	0	0	0	0
3004063	1	438	0	0	0	0	0	0
3003604	1	747	0	0	0	0	0	0
3003643	1	789	0	0	0	0	0	0
3004805	1	879	0	0	0	0	0	0
3000179	1	1377	0	0	0	0	0	0
3003583	1	1434	0	0	0	0	0	0
3003785	1	1335	0	0	0	0	0	0
3000379	1	1458	0	0	0	0	0	0
3001205	1	366	0	0	0	0	0	0
3004091	1	780	0	0	0	0	0	0
3003863	1	1152	0	0	0	0	0	0
3003864	1	1152	0	0	0	0	0	0
3006239	1	1146	0	0	0	0	0	0
3003865	1	1152	0	0	0	0	0	0
3003866	1	1152	0	0	0	0	0	0
3003867	1	1152	0	0	0	0	0	0
3001446	1	825	0	0	0	0	0	0
3001722	1	828	0	0	0	0	0	0
3001756	1	831	0	0	0	0	0	0
3001598	1	825	0	0	0	0	0	0
3003605	1	750	0	0	0	0	0	0
3003609	1	774	0	0	0	0	0	0
3003645	1	789	0	0	0	0	0	0
3004734	1	849	0	0	0	0	0	0
3004749	1	924	0	0	0	0	0	0
3004761	1	942	0	0	0	0	0	0
3004806	1	879	0	0	0	0	0	0
3004077	1	1434	0	0	0	0	0	0
3004087	1	801	0	0	0	0	0	0
3004086	1	780	0	0	0	0	0	0
3004085	1	804	0	0	0	0	0	0
3004090	1	792	0	0	0	0	0	0
3004093	1	813	0	0	0	0	0	0
3003868	1	1152	0	0	0	0	0	0
3001447	1	825	0	0	0	0	0	0
3004099	1	1068	0	0	0	0	0	0
3004100	1	3045	0	0	0	0	0	0
3004464	1	1146	0	0	0	0	0	0
3001723	1	822	0	0	0	0	0	0
3004102	1	648	0	0	0	0	0	0
3004103	1	1536	0	0	0	0	0	0
3001757	1	843	0	0	0	0	0	0
3004105	1	738	0	0	0	0	0	0
3004106	1	738	0	0	0	0	0	0
3004107	1	471	0	0	0	0	0	0
3001599	1	825	0	0	0	0	0	0
3004111	1	420	0	0	0	0	0	0
3004113	1	423	0	0	0	0	0	0
3003606	1	774	0	0	0	0	0	0
3003611	1	828	0	0	0	0	0	0
3006361	1	1152	0	0	0	0	0	0
3004123	1	1122	0	0	0	0	0	0
3004735	1	849	0	0	0	0	0	0
3004747	1	807	0	0	0	0	0	0
3004762	1	945	0	0	0	0	0	0
3004142	1	1392	0	0	0	0	0	0
3004143	1	1176	0	0	0	0	0	0
3004144	1	3138	0	0	0	0	0	0
3004146	1	1035	0	0	0	0	0	0
3006362	1	1152	0	0	0	0	0	0
3001448	1	825	0	0	0	0	0	0
3004185	1	2037	0	0	0	0	0	0
3001328	1	1233	0	0	0	0	0	0
3002527	1	549	0	0	0	0	0	0
3004189	1	771	0	0	0	0	0	0
3004191	1	894	0	0	0	0	0	0
3004194	1	1626	0	0	0	0	0	0
3004213	1	873	0	0	0	0	0	0
3004289	1	1173	0	0	0	0	0	0
3004826	1	858	0	0	0	0	0	0
3004291	1	1143	0	0	0	0	0	0
3004292	1	1173	0	0	0	0	0	0
3004294	1	1194	0	0	0	0	0	0
3003857	1	1152	0	0	0	0	0	0
3003858	1	1152	0	0	0	0	0	0
3003859	1	1152	0	0	0	0	0	0
3003861	1	1152	0	0	0	0	0	0
3003860	1	1152	0	0	0	0	0	0
3003872	1	1152	0	0	0	0	0	0
3003873	1	1152	0	0	0	0	0	0
3003874	1	1152	0	0	0	0	0	0
3003876	1	1152	0	0	0	0	0	0
3003878	1	1152	0	0	0	0	0	0
3003879	1	1152	0	0	0	0	0	0
3003880	1	1152	0	0	0	0	0	0
3003881	1	1152	0	0	0	0	0	0
3003882	1	1152	0	0	0	0	0	0
3003883	1	1152	0	0	0	0	0	0
3003884	1	1152	0	0	0	0	0	0
3003885	1	1152	0	0	0	0	0	0
3003887	1	1167	0	0	0	0	0	0
3006334	1	1152	0	0	0	0	0	0
3003888	1	1152	0	0	0	0	0	0
3004463	1	708	0	0	0	0	0	0
3005279	1	1194	0	0	0	0	0	0
3004336	1	1116	0	0	0	0	0	0
3004337	1	1194	0	0	0	0	0	0
3004338	1	1116	0	0	0	0	0	0
3004339	1	1116	0	0	0	0	0	0
3004340	1	1116	0	0	0	0	0	0
3004341	1	1116	0	0	0	0	0	0
3004342	1	1116	0	0	0	0	0	0
3004343	1	1194	0	0	0	0	0	0
3004344	1	1116	0	0	0	0	0	0
3004345	1	1116	0	0	0	0	0	0
3004346	1	1116	0	0	0	0	0	0
3004347	1	1116	0	0	0	0	0	0
3004348	1	1116	0	0	0	0	0	0
3004349	1	1194	0	0	0	0	0	0
3004350	1	1116	0	0	0	0	0	0
3004351	1	1110	0	0	0	0	0	0
3004352	1	1107	0	0	0	0	0	0
3004353	1	1107	0	0	0	0	0	0
3004354	1	1104	0	0	0	0	0	0
3004355	1	1110	0	0	0	0	0	0
3004356	1	1116	0	0	0	0	0	0
3004357	1	660	0	0	0	0	0	0
3004359	1	855	0	0	0	0	0	0
3004361	1	864	0	0	0	0	0	0
3006363	1	1152	0	0	0	0	0	0
3003128	1	798	0	0	0	0	0	0
3004362	1	798	0	0	0	0	0	0
3004364	1	822	0	0	0	0	0	0
3001449	1	825	0	0	0	0	0	0
3001724	1	822	0	0	0	0	0	0
3004379	1	1536	0	0	0	0	0	0
3004441	1	1203	0	0	0	0	0	0
3004444	1	858	0	0	0	0	0	0
3004445	1	852	0	0	0	0	0	0
3001725	1	822	0	0	0	0	0	0
3004448	1	873	0	0	0	0	0	0
3004450	1	1149	0	0	0	0	0	0
3000579	1	750	0	0	0	0	0	0
3004451	1	630	0	0	0	0	0	0
3004454	1	624	0	0	0	0	0	0
3004455	1	651	0	0	0	0	0	0
3004456	1	648	0	0	0	0	0	0
3004457	1	648	0	0	0	0	0	0
3004458	1	648	0	0	0	0	0	0
3004460	1	651	0	0	0	0	0	0
3002679	1	639	0	0	0	0	0	0
3005280	1	1194	0	0	0	0	0	0
3004466	1	1737	0	0	0	0	0	0
3004470	1	1629	0	0	0	0	0	0
3001758	1	843	0	0	0	0	0	0
3001600	1	828	0	0	0	0	0	0
3003607	1	774	0	0	0	0	0	0
3003613	1	828	0	0	0	0	0	0
3004736	1	849	0	0	0	0	0	0
3004753	1	885	0	0	0	0	0	0
3004764	1	927	0	0	0	0	0	0
3004807	1	879	0	0	0	0	0	0
3004820	1	873	0	0	0	0	0	0
3001456	1	858	0	0	0	0	0	0
3001726	1	822	0	0	0	0	0	0
3001759	1	822	0	0	0	0	0	0
3001602	1	825	0	0	0	0	0	0
3003608	1	774	0	0	0	0	0	0
3003614	1	828	0	0	0	0	0	0
3004737	1	849	0	0	0	0	0	0
3004766	1	879	0	0	0	0	0	0
3004808	1	873	0	0	0	0	0	0
3001457	1	858	0	0	0	0	0	0
3001727	1	822	0	0	0	0	0	0
3001760	1	822	0	0	0	0	0	0
3001603	1	825	0	0	0	0	0	0
3003615	1	828	0	0	0	0	0	0
3004738	1	849	0	0	0	0	0	0
3004757	1	942	0	0	0	0	0	0
3004809	1	756	0	0	0	0	0	0
3004817	1	873	0	0	0	0	0	0
3004819	1	873	0	0	0	0	0	0
3004825	1	858	0	0	0	0	0	0
3001458	1	870	0	0	0	0	0	0
3001728	1	822	0	0	0	0	0	0
3001761	1	837	0	0	0	0	0	0
3001604	1	825	0	0	0	0	0	0
3003616	1	762	0	0	0	0	0	0
3004739	1	849	0	0	0	0	0	0
3004759	1	789	0	0	0	0	0	0
3004768	1	879	0	0	0	0	0	0
3004810	1	756	0	0	0	0	0	0
3004818	1	873	0	0	0	0	0	0
3001459	1	879	0	0	0	0	0	0
3001729	1	822	0	0	0	0	0	0
3001605	1	825	0	0	0	0	0	0
3003617	1	762	0	0	0	0	0	0
3004740	1	933	0	0	0	0	0	0
3004769	1	879	0	0	0	0	0	0
3004811	1	756	0	0	0	0	0	0
3004821	1	873	0	0	0	0	0	0
3001460	1	879	0	0	0	0	0	0
3001731	1	846	0	0	0	0	0	0
3001763	1	840	0	0	0	0	0	0
3001607	1	798	0	0	0	0	0	0
3003620	1	762	0	0	0	0	0	0
3004770	1	879	0	0	0	0	0	0
3004812	1	756	0	0	0	0	0	0
3004822	1	873	0	0	0	0	0	0
3001461	1	852	0	0	0	0	0	0
3001732	1	831	0	0	0	0	0	0
3001524	1	825	0	0	0	0	0	0
3003121	1	825	0	0	0	0	0	0
3004539	1	897	0	0	0	0	0	0
3001608	1	822	0	0	0	0	0	0
3003621	1	747	0	0	0	0	0	0
3004771	1	879	0	0	0	0	0	0
3004813	1	756	0	0	0	0	0	0
3003142	1	879	0	0	0	0	0	0
3002473	1	861	0	0	0	0	0	0
3006335	1	1152	0	0	0	0	0	0
3006336	1	1152	0	0	0	0	0	0
3005281	1	1194	0	0	0	0	0	0
3004829	1	861	0	0	0	0	0	0
3004840	1	861	0	0	0	0	0	0
3003664	1	813	0	0	0	0	0	0
3004476	1	1644	0	0	0	0	0	0
3004479	1	696	0	0	0	0	0	0
3004478	1	822	0	0	0	0	0	0
3001462	1	858	0	0	0	0	0	0
3001730	1	846	0	0	0	0	0	0
3001741	1	843	0	0	0	0	0	0
3001733	1	831	0	0	0	0	0	0
3001525	1	825	0	0	0	0	0	0
3003622	1	747	0	0	0	0	0	0
3001463	1	852	0	0	0	0	0	0
3001734	1	840	0	0	0	0	0	0
3001527	1	825	0	0	0	0	0	0
3003120	1	825	0	0	0	0	0	0
3003626	1	810	0	0	0	0	0	0
3004773	1	903	0	0	0	0	0	0
3004814	1	756	0	0	0	0	0	0
3003657	1	741	0	0	0	0	0	0
3002479	1	861	0	0	0	0	0	0
3003920	1	711	0	0	0	0	0	0
3001063	1	861	0	0	0	0	0	0
3003663	1	813	0	0	0	0	0	0
3001477	1	747	0	0	0	0	0	0
3001528	1	825	0	0	0	0	0	0
3003627	1	810	0	0	0	0	0	0
3004775	1	888	0	0	0	0	0	0
3004815	1	873	0	0	0	0	0	0
3004823	1	741	0	0	0	0	0	0
3004827	1	861	0	0	0	0	0	0
3004862	1	813	0	0	0	0	0	0
3004541	1	921	0	0	0	0	0	0
3004122	1	1125	0	0	0	0	0	0
3004838	1	861	0	0	0	0	0	0
3004856	1	867	0	0	0	0	0	0
3004493	1	1152	0	0	0	0	0	0
3004494	1	741	0	0	0	0	0	0
3004495	1	741	0	0	0	0	0	0
3001496	1	825	0	0	0	0	0	0
3001529	1	825	0	0	0	0	0	0
3003124	1	825	0	0	0	0	0	0
3003628	1	807	0	0	0	0	0	0
3004777	1	1146	0	0	0	0	0	0
3004816	1	873	0	0	0	0	0	0
3004828	1	861	0	0	0	0	0	0
3004839	1	861	0	0	0	0	0	0
3004861	1	828	0	0	0	0	0	0
3001501	1	798	0	0	0	0	0	0
3001737	1	831	0	0	0	0	0	0
3001530	1	825	0	0	0	0	0	0
3004498	1	237	0	0	0	0	0	0
3003125	1	825	0	0	0	0	0	0
3003629	1	810	0	0	0	0	0	0
3005275	1	1194	0	0	0	0	0	0
3001715	1	825	0	0	0	0	0	0
3001738	1	831	0	0	0	0	0	0
3001531	1	825	0	0	0	0	0	0
3003126	1	825	0	0	0	0	0	0
3003631	1	810	0	0	0	0	0	0
3004780	1	975	0	0	0	0	0	0
3004841	1	861	0	0	0	0	0	0
3004863	1	813	0	0	0	0	0	0
3004501	1	1617	0	0	0	0	0	0
3004502	1	1617	0	0	0	0	0	0
3004506	1	1626	0	0	0	0	0	0
3004507	1	1626	0	0	0	0	0	0
3004513	1	1626	0	0	0	0	0	0
3004514	1	1626	0	0	0	0	0	0
3004515	1	1626	0	0	0	0	0	0
3004517	1	1620	0	0	0	0	0	0
3001716	1	825	0	0	0	0	0	0
3001739	1	831	0	0	0	0	0	0
3001532	1	825	0	0	0	0	0	0
3003593	1	828	0	0	0	0	0	0
3003632	1	810	0	0	0	0	0	0
3002140	1	1140	0	0	0	0	0	0
3004842	1	861	0	0	0	0	0	0
3004864	1	813	0	0	0	0	0	0
3005276	1	1194	0	0	0	0	0	0
3004542	1	891	0	0	0	0	0	0
3004543	1	954	0	0	0	0	0	0
3004544	1	927	0	0	0	0	0	0
3006337	1	1152	0	0	0	0	0	0
3004582	1	1164	0	0	0	0	0	0
3006364	1	1152	0	0	0	0	0	0
3006338	1	1152	0	0	0	0	0	0
3004587	1	1173	0	0	0	0	0	0
3004592	1	843	0	0	0	0	0	0
3006365	1	1152	0	0	0	0	0	0
3002361	1	813	0	0	0	0	0	0
3004547	1	474	0	0	0	0	0	0
3004548	1	534	0	0	0	0	0	0
3004549	1	237	0	0	0	0	0	0
3004550	1	474	0	0	0	0	0	0
3004551	1	474	0	0	0	0	0	0
3004552	1	474	0	0	0	0	0	0
3004554	1	459	0	0	0	0	0	0
3004555	1	474	0	0	0	0	0	0
3004556	1	249	0	0	0	0	0	0
3004559	1	726	0	0	0	0	0	0
3004568	1	555	0	0	0	0	0	0
3004571	1	1161	0	0	0	0	0	0
3004573	1	1290	0	0	0	0	0	0
3004574	1	1305	0	0	0	0	0	0
3004577	1	1479	0	0	0	0	0	0
3004580	1	363	0	0	0	0	0	0
3004581	1	1200	0	0	0	0	0	0
3004583	1	330	0	0	0	0	0	0
3004584	1	1167	0	0	0	0	0	0
3004586	1	1164	0	0	0	0	0	0
3004589	1	1164	0	0	0	0	0	0
3004094	1	732	0	0	0	0	0	0
3004590	1	1167	0	0	0	0	0	0
3004591	1	1158	0	0	0	0	0	0
3006234	1	1146	0	0	0	0	0	0
3004596	1	813	0	0	0	0	0	0
3004599	1	1050	0	0	0	0	0	0
3001740	1	831	0	0	0	0	0	0
3001533	1	825	0	0	0	0	0	0
3003594	1	792	0	0	0	0	0	0
3003633	1	810	0	0	0	0	0	0
3004782	1	882	0	0	0	0	0	0
3004843	1	861	0	0	0	0	0	0
3004865	1	813	0	0	0	0	0	0
3005006	1	1197	0	0	0	0	0	0
3005012	1	1188	0	0	0	0	0	0
3005013	1	1188	0	0	0	0	0	0
3005015	1	744	0	0	0	0	0	0
3002653	1	780	0	0	0	0	0	0
3005018	1	915	0	0	0	0	0	0
3005019	1	738	0	0	0	0	0	0
3005024	1	411	0	0	0	0	0	0
3005021	1	1074	0	0	0	0	0	0
3005027	1	885	0	0	0	0	0	0
3005028	1	891	0	0	0	0	0	0
3005029	1	885	0	0	0	0	0	0
3005030	1	885	0	0	0	0	0	0
3005031	1	897	0	0	0	0	0	0
3005032	1	885	0	0	0	0	0	0
3005033	1	897	0	0	0	0	0	0
3003169	1	876	0	0	0	0	0	0
3003649	1	876	0	0	0	0	0	0
3005035	1	1152	0	0	0	0	0	0
3005037	1	1152	0	0	0	0	0	0
3005038	1	1194	0	0	0	0	0	0
3005039	1	1215	0	0	0	0	0	0
3005040	1	339	0	0	0	0	0	0
3006366	1	1152	0	0	0	0	0	0
3005043	1	1215	0	0	0	0	0	0
3005044	1	1125	0	0	0	0	0	0
3005045	1	555	0	0	0	0	0	0
3005036	1	381	0	0	0	0	0	0
3005046	1	375	0	0	0	0	0	0
3005073	1	924	0	0	0	0	0	0
3005049	1	414	0	0	0	0	0	0
3005051	1	1101	0	0	0	0	0	0
3005052	1	771	0	0	0	0	0	0
3005053	1	1656	0	0	0	0	0	0
3005060	1	906	0	0	0	0	0	0
3005061	1	756	0	0	0	0	0	0
3005062	1	801	0	0	0	0	0	0
3005063	1	672	0	0	0	0	0	0
3005064	1	1296	0	0	0	0	0	0
3005067	1	1287	0	0	0	0	0	0
3005068	1	708	0	0	0	0	0	0
3005069	1	186	0	0	0	0	0	0
3005074	1	924	0	0	0	0	0	0
3005075	1	918	0	0	0	0	0	0
3005076	1	918	0	0	0	0	0	0
3005077	1	918	0	0	0	0	0	0
3005078	1	918	0	0	0	0	0	0
3005080	1	918	0	0	0	0	0	0
3005084	1	474	0	0	0	0	0	0
3005085	1	810	0	0	0	0	0	0
3005057	1	1167	0	0	0	0	0	0
3005079	1	921	0	0	0	0	0	0
3005087	1	1461	0	0	0	0	0	0
3005088	1	1461	0	0	0	0	0	0
3005089	1	1200	0	0	0	0	0	0
3005090	1	762	0	0	0	0	0	0
3005091	1	777	0	0	0	0	0	0
3005093	1	828	0	0	0	0	0	0
3005094	1	816	0	0	0	0	0	0
3005096	1	894	0	0	0	0	0	0
3005097	1	852	0	0	0	0	0	0
3003836	1	324	0	0	0	0	0	0
3005099	1	732	0	0	0	0	0	0
3005100	1	420	0	0	0	0	0	0
3005124	1	1194	0	0	0	0	0	0
3005125	1	1194	0	0	0	0	0	0
3005111	1	882	0	0	0	0	0	0
3005122	1	1194	0	0	0	0	0	0
3005123	1	1194	0	0	0	0	0	0
3005126	1	1194	0	0	0	0	0	0
3005127	1	1194	0	0	0	0	0	0
3005128	1	1194	0	0	0	0	0	0
3005129	1	1194	0	0	0	0	0	0
3005130	1	789	0	0	0	0	0	0
3005131	1	813	0	0	0	0	0	0
3005132	1	1194	0	0	0	0	0	0
3005133	1	1194	0	0	0	0	0	0
3005134	1	1194	0	0	0	0	0	0
3005135	1	1194	0	0	0	0	0	0
3005136	1	789	0	0	0	0	0	0
3005137	1	1194	0	0	0	0	0	0
3005138	1	789	0	0	0	0	0	0
3005139	1	1194	0	0	0	0	0	0
3005140	1	1194	0	0	0	0	0	0
3005141	1	1194	0	0	0	0	0	0
3005142	1	1194	0	0	0	0	0	0
3005143	1	1194	0	0	0	0	0	0
3006339	1	1152	0	0	0	0	0	0
3005144	1	1194	0	0	0	0	0	0
3005145	1	1194	0	0	0	0	0	0
3005146	1	1194	0	0	0	0	0	0
3005147	1	1194	0	0	0	0	0	0
3005148	1	1194	0	0	0	0	0	0
3005151	1	1194	0	0	0	0	0	0
3005152	1	1194	0	0	0	0	0	0
3005153	1	1194	0	0	0	0	0	0
3005154	1	795	0	0	0	0	0	0
3005155	1	1194	0	0	0	0	0	0
3005156	1	1194	0	0	0	0	0	0
3005157	1	1194	0	0	0	0	0	0
3005158	1	846	0	0	0	0	0	0
3005159	1	822	0	0	0	0	0	0
3005160	1	822	0	0	0	0	0	0
3005277	1	1194	0	0	0	0	0	0
3004572	1	1443	0	0	0	0	0	0
3005162	1	423	0	0	0	0	0	0
3005164	1	513	0	0	0	0	0	0
3005198	1	1146	0	0	0	0	0	0
3005207	1	861	0	0	0	0	0	0
3005208	1	861	0	0	0	0	0	0
3005209	1	861	0	0	0	0	0	0
3005210	1	861	0	0	0	0	0	0
3005211	1	861	0	0	0	0	0	0
3005212	1	861	0	0	0	0	0	0
3005213	1	861	0	0	0	0	0	0
3005214	1	861	0	0	0	0	0	0
3005215	1	861	0	0	0	0	0	0
3006340	1	1152	0	0	0	0	0	0
3006341	1	1152	0	0	0	0	0	0
3006342	1	1152	0	0	0	0	0	0
3006235	1	1146	0	0	0	0	0	0
3005223	1	861	0	0	0	0	0	0
3005224	1	861	0	0	0	0	0	0
3005225	1	861	0	0	0	0	0	0
3005226	1	861	0	0	0	0	0	0
3005227	1	861	0	0	0	0	0	0
3005228	1	861	0	0	0	0	0	0
3005229	1	861	0	0	0	0	0	0
3005230	1	861	0	0	0	0	0	0
3005231	1	861	0	0	0	0	0	0
3005232	1	861	0	0	0	0	0	0
3005233	1	861	0	0	0	0	0	0
3005234	1	861	0	0	0	0	0	0
3005235	1	861	0	0	0	0	0	0
3005236	1	861	0	0	0	0	0	0
3005237	1	861	0	0	0	0	0	0
3005238	1	861	0	0	0	0	0	0
3005239	1	861	0	0	0	0	0	0
3005240	1	861	0	0	0	0	0	0
3005241	1	861	0	0	0	0	0	0
3005242	1	861	0	0	0	0	0	0
3005243	1	861	0	0	0	0	0	0
3005244	1	1152	0	0	0	0	0	0
3005245	1	1161	0	0	0	0	0	0
3005246	1	1152	0	0	0	0	0	0
3005247	1	861	0	0	0	0	0	0
3005248	1	861	0	0	0	0	0	0
3005249	1	861	0	0	0	0	0	0
3005250	1	861	0	0	0	0	0	0
3005251	1	861	0	0	0	0	0	0
3005252	1	861	0	0	0	0	0	0
3005253	1	867	0	0	0	0	0	0
3006343	1	1155	0	0	0	0	0	0
3006344	1	1155	0	0	0	0	0	0
3005274	1	1194	0	0	0	0	0	0
3005282	1	1194	0	0	0	0	0	0
3005284	1	1194	0	0	0	0	0	0
3005285	1	1194	0	0	0	0	0	0
3005286	1	1194	0	0	0	0	0	0
3005287	1	1194	0	0	0	0	0	0
3005288	1	1194	0	0	0	0	0	0
3005289	1	1194	0	0	0	0	0	0
3005290	1	1194	0	0	0	0	0	0
3005291	1	1194	0	0	0	0	0	0
3005292	1	1194	0	0	0	0	0	0
3005293	1	1194	0	0	0	0	0	0
3005294	1	1194	0	0	0	0	0	0
3005295	1	1194	0	0	0	0	0	0
3005296	1	1194	0	0	0	0	0	0
3005297	1	1194	0	0	0	0	0	0
3005298	1	1185	0	0	0	0	0	0
3005299	1	1194	0	0	0	0	0	0
3005300	1	1194	0	0	0	0	0	0
3005301	1	1194	0	0	0	0	0	0
3005302	1	1194	0	0	0	0	0	0
3005303	1	1194	0	0	0	0	0	0
3005304	1	1185	0	0	0	0	0	0
3005305	1	1194	0	0	0	0	0	0
3005306	1	1170	0	0	0	0	0	0
3005307	1	1173	0	0	0	0	0	0
3005308	1	1197	0	0	0	0	0	0
3005309	1	1194	0	0	0	0	0	0
3005310	1	1194	0	0	0	0	0	0
3005311	1	1194	0	0	0	0	0	0
3005312	1	1194	0	0	0	0	0	0
3005313	1	1194	0	0	0	0	0	0
3005323	1	807	0	0	0	0	0	0
3005324	1	816	0	0	0	0	0	0
3005325	1	816	0	0	0	0	0	0
3005326	1	816	0	0	0	0	0	0
3005327	1	843	0	0	0	0	0	0
3005328	1	843	0	0	0	0	0	0
3005329	1	843	0	0	0	0	0	0
3005330	1	831	0	0	0	0	0	0
3005331	1	831	0	0	0	0	0	0
3006367	1	1155	0	0	0	0	0	0
3006368	1	1167	0	0	0	0	0	0
3005332	1	831	0	0	0	0	0	0
3005333	1	774	0	0	0	0	0	0
3005334	1	534	0	0	0	0	0	0
3005335	1	840	0	0	0	0	0	0
3005336	1	834	0	0	0	0	0	0
3005338	1	840	0	0	0	0	0	0
3005339	1	840	0	0	0	0	0	0
3005340	1	828	0	0	0	0	0	0
3005341	1	828	0	0	0	0	0	0
3005342	1	828	0	0	0	0	0	0
3005343	1	828	0	0	0	0	0	0
3005344	1	828	0	0	0	0	0	0
3005345	1	588	0	0	0	0	0	0
3005346	1	588	0	0	0	0	0	0
3005347	1	474	0	0	0	0	0	0
3005348	1	588	0	0	0	0	0	0
3005349	1	501	0	0	0	0	0	0
3005350	1	237	0	0	0	0	0	0
3005351	1	498	0	0	0	0	0	0
3005354	1	498	0	0	0	0	0	0
3006369	1	1152	0	0	0	0	0	0
3006370	1	1152	0	0	0	0	0	0
3006863	1	861	0	0	0	0	0	0
3006228	1	1173	0	0	0	0	0	0
3006229	1	1173	0	0	0	0	0	0
3006230	1	1173	0	0	0	0	0	0
3006231	1	1173	0	0	0	0	0	0
3006232	1	1173	0	0	0	0	0	0
3006233	1	1161	0	0	0	0	0	0
3006240	1	1146	0	0	0	0	0	0
3006241	1	1146	0	0	0	0	0	0
3006242	1	1146	0	0	0	0	0	0
3006243	1	1146	0	0	0	0	0	0
3006244	1	1146	0	0	0	0	0	0
3006245	1	1146	0	0	0	0	0	0
3006246	1	1146	0	0	0	0	0	0
3006247	1	1146	0	0	0	0	0	0
3006248	1	1146	0	0	0	0	0	0
3006249	1	1146	0	0	0	0	0	0
3006250	1	1146	0	0	0	0	0	0
3006251	1	1146	0	0	0	0	0	0
3006254	1	1146	0	0	0	0	0	0
3006255	1	1146	0	0	0	0	0	0
3006256	1	1146	0	0	0	0	0	0
3006257	1	1146	0	0	0	0	0	0
3006258	1	1146	0	0	0	0	0	0
3006259	1	1146	0	0	0	0	0	0
3006260	1	1146	0	0	0	0	0	0
3006261	1	1146	0	0	0	0	0	0
3006262	1	1146	0	0	0	0	0	0
3006264	1	1146	0	0	0	0	0	0
3006265	1	1146	0	0	0	0	0	0
3006266	1	1146	0	0	0	0	0	0
3006267	1	1146	0	0	0	0	0	0
3006268	1	1146	0	0	0	0	0	0
3006269	1	1146	0	0	0	0	0	0
3006270	1	1146	0	0	0	0	0	0
3006271	1	1146	0	0	0	0	0	0
3006272	1	1146	0	0	0	0	0	0
3006273	1	1146	0	0	0	0	0	0
3006274	1	1146	0	0	0	0	0	0
3006275	1	1146	0	0	0	0	0	0
3006276	1	1146	0	0	0	0	0	0
3006277	1	1146	0	0	0	0	0	0
3006278	1	1146	0	0	0	0	0	0
3006279	1	1146	0	0	0	0	0	0
3006280	1	1158	0	0	0	0	0	0
3006281	1	1152	0	0	0	0	0	0
3006282	1	1152	0	0	0	0	0	0
3006283	1	1152	0	0	0	0	0	0
3006284	1	1152	0	0	0	0	0	0
3006285	1	1152	0	0	0	0	0	0
3006286	1	1152	0	0	0	0	0	0
3006287	1	1152	0	0	0	0	0	0
3006288	1	1152	0	0	0	0	0	0
3006289	1	1152	0	0	0	0	0	0
3006290	1	1152	0	0	0	0	0	0
3006291	1	1152	0	0	0	0	0	0
3006292	1	1155	0	0	0	0	0	0
3006293	1	1152	0	0	0	0	0	0
3006294	1	1152	0	0	0	0	0	0
3006295	1	1152	0	0	0	0	0	0
3006296	1	1152	0	0	0	0	0	0
3006297	1	1152	0	0	0	0	0	0
3006298	1	1152	0	0	0	0	0	0
3006299	1	1152	0	0	0	0	0	0
3006300	1	1152	0	0	0	0	0	0
3006301	1	1152	0	0	0	0	0	0
3006302	1	1152	0	0	0	0	0	0
3006303	1	1152	0	0	0	0	0	0
3006304	1	1152	0	0	0	0	0	0
3006305	1	1152	0	0	0	0	0	0
3006306	1	1152	0	0	0	0	0	0
3006307	1	1152	0	0	0	0	0	0
3006308	1	1152	0	0	0	0	0	0
3006309	1	1152	0	0	0	0	0	0
3006310	1	1152	0	0	0	0	0	0
3006311	1	1152	0	0	0	0	0	0
3006312	1	1152	0	0	0	0	0	0
3006313	1	1152	0	0	0	0	0	0
3006314	1	1152	0	0	0	0	0	0
3006315	1	1152	0	0	0	0	0	0
3006316	1	1152	0	0	0	0	0	0
3006317	1	1152	0	0	0	0	0	0
3006318	1	1152	0	0	0	0	0	0
3006319	1	1152	0	0	0	0	0	0
3006320	1	1152	0	0	0	0	0	0
3006321	1	1152	0	0	0	0	0	0
3006322	1	1152	0	0	0	0	0	0
3006323	1	1152	0	0	0	0	0	0
3006324	1	1152	0	0	0	0	0	0
3006325	1	1152	0	0	0	0	0	0
3006326	1	1152	0	0	0	0	0	0
3006327	1	1152	0	0	0	0	0	0
3006328	1	1152	0	0	0	0	0	0
3006329	1	1152	0	0	0	0	0	0
3006345	1	1155	0	0	0	0	0	0
3006346	1	1152	0	0	0	0	0	0
3006347	1	1152	0	0	0	0	0	0
3006348	1	1167	0	0	0	0	0	0
3006349	1	1152	0	0	0	0	0	0
3006350	1	1152	0	0	0	0	0	0
3006351	1	1152	0	0	0	0	0	0
3006352	1	1152	0	0	0	0	0	0
3006353	1	1152	0	0	0	0	0	0
3006354	1	1152	0	0	0	0	0	0
3006355	1	1152	0	0	0	0	0	0
3006356	1	1152	0	0	0	0	0	0
3006371	1	1152	0	0	0	0	0	0
3006372	1	1152	0	0	0	0	0	0
3006373	1	1152	0	0	0	0	0	0
3006374	1	1152	0	0	0	0	0	0
3006375	1	1152	0	0	0	0	0	0
3006376	1	1152	0	0	0	0	0	0
3006377	1	1152	0	0	0	0	0	0
3006378	1	1152	0	0	0	0	0	0
3006379	1	1152	0	0	0	0	0	0
3006380	1	1152	0	0	0	0	0	0
3006381	1	1155	0	0	0	0	0	0
3006382	1	1155	0	0	0	0	0	0
3006383	1	1152	0	0	0	0	0	0
3006384	1	1152	0	0	0	0	0	0
3006385	1	1152	0	0	0	0	0	0
3006386	1	1152	0	0	0	0	0	0
3006387	1	1155	0	0	0	0	0	0
3006388	1	1155	0	0	0	0	0	0
3006389	1	1152	0	0	0	0	0	0
3006390	1	1152	0	0	0	0	0	0
3006391	1	1152	0	0	0	0	0	0
3006392	1	1149	0	0	0	0	0	0
3006393	1	1155	0	0	0	0	0	0
3006394	1	1155	0	0	0	0	0	0
3006395	1	1152	0	0	0	0	0	0
3006396	1	1155	0	0	0	0	0	0
3006397	1	1155	0	0	0	0	0	0
3006398	1	1152	0	0	0	0	0	0
3006399	1	1152	0	0	0	0	0	0
3006400	1	1152	0	0	0	0	0	0
3006401	1	1155	0	0	0	0	0	0
3006402	1	1155	0	0	0	0	0	0
3006403	1	1149	0	0	0	0	0	0
3006404	1	1164	0	0	0	0	0	0
3006405	1	1152	0	0	0	0	0	0
3006406	1	1152	0	0	0	0	0	0
3006407	1	1152	0	0	0	0	0	0
3006408	1	1152	0	0	0	0	0	0
3006409	1	1152	0	0	0	0	0	0
3006410	1	1152	0	0	0	0	0	0
3006411	1	1152	0	0	0	0	0	0
3006412	1	1152	0	0	0	0	0	0
3006413	1	1152	0	0	0	0	0	0
3006414	1	1152	0	0	0	0	0	0
3006415	1	1152	0	0	0	0	0	0
3006416	1	1152	0	0	0	0	0	0
3006417	1	1152	0	0	0	0	0	0
3006418	1	1152	0	0	0	0	0	0
3006419	1	1152	0	0	0	0	0	0
3006420	1	1155	0	0	0	0	0	0
3006421	1	1152	0	0	0	0	0	0
3006422	1	1152	0	0	0	0	0	0
3006423	1	1152	0	0	0	0	0	0
3006424	1	1152	0	0	0	0	0	0
3006425	1	1152	0	0	0	0	0	0
3006426	1	1152	0	0	0	0	0	0
3006427	1	1152	0	0	0	0	0	0
3006428	1	1152	0	0	0	0	0	0
3006429	1	1155	0	0	0	0	0	0
3006430	1	1152	0	0	0	0	0	0
3006431	1	1152	0	0	0	0	0	0
3006432	1	1152	0	0	0	0	0	0
3006433	1	1152	0	0	0	0	0	0
3006434	1	1152	0	0	0	0	0	0
3006435	1	1152	0	0	0	0	0	0
3006436	1	1152	0	0	0	0	0	0
3006437	1	1158	0	0	0	0	0	0
3006438	1	1152	0	0	0	0	0	0
3006439	1	1152	0	0	0	0	0	0
3003886	1	1152	0	0	0	0	0	0
3006440	1	1152	0	0	0	0	0	0
3006441	1	1152	0	0	0	0	0	0
3006442	1	1152	0	0	0	0	0	0
3006443	1	1152	0	0	0	0	0	0
3006444	1	1152	0	0	0	0	0	0
3006445	1	1152	0	0	0	0	0	0
3006446	1	1152	0	0	0	0	0	0
3006447	1	1152	0	0	0	0	0	0
3006448	1	1152	0	0	0	0	0	0
3006449	1	1152	0	0	0	0	0	0
3006450	1	1152	0	0	0	0	0	0
3006451	1	1152	0	0	0	0	0	0
3006452	1	1152	0	0	0	0	0	0
3006453	1	1167	0	0	0	0	0	0
3006454	1	1152	0	0	0	0	0	0
3006455	1	1152	0	0	0	0	0	0
3006456	1	1152	0	0	0	0	0	0
3006890	1	804	0	0	0	0	0	0
3006891	1	804	0	0	0	0	0	0
3006892	1	888	0	0	0	0	0	0
3006893	1	957	0	0	0	0	0	0
3006894	1	738	0	0	0	0	0	0
3006895	1	738	0	0	0	0	0	0
3006896	1	768	0	0	0	0	0	0
3006897	1	897	0	0	0	0	0	0
3006898	1	897	0	0	0	0	0	0
3006899	1	897	0	0	0	0	0	0
3006900	1	897	0	0	0	0	0	0
3006901	1	897	0	0	0	0	0	0
3006154	1	852	0	0	0	0	0	0
3006223	1	942	0	0	0	0	0	0
3005522	1	750	0	0	0	0	0	0
3005523	1	747	0	0	0	0	0	0
3005524	1	750	0	0	0	0	0	0
3005525	1	750	0	0	0	0	0	0
3005526	1	750	0	0	0	0	0	0
3005527	1	747	0	0	0	0	0	0
3005528	1	750	0	0	0	0	0	0
3005529	1	750	0	0	0	0	0	0
3005530	1	750	0	0	0	0	0	0
3005531	1	750	0	0	0	0	0	0
3005532	1	750	0	0	0	0	0	0
3005533	1	750	0	0	0	0	0	0
3005534	1	750	0	0	0	0	0	0
3005535	1	750	0	0	0	0	0	0
3005536	1	750	0	0	0	0	0	0
3005537	1	750	0	0	0	0	0	0
3005538	1	750	0	0	0	0	0	0
3005539	1	750	0	0	0	0	0	0
3005540	1	750	0	0	0	0	0	0
3005541	1	750	0	0	0	0	0	0
3005542	1	750	0	0	0	0	0	0
3005543	1	750	0	0	0	0	0	0
3005544	1	750	0	0	0	0	0	0
3005545	1	750	0	0	0	0	0	0
3005546	1	750	0	0	0	0	0	0
3005547	1	750	0	0	0	0	0	0
3005548	1	750	0	0	0	0	0	0
3005549	1	750	0	0	0	0	0	0
3005550	1	750	0	0	0	0	0	0
3005551	1	750	0	0	0	0	0	0
3005552	1	750	0	0	0	0	0	0
3005553	1	750	0	0	0	0	0	0
3005554	1	750	0	0	0	0	0	0
3005555	1	747	0	0	0	0	0	0
3005556	1	747	0	0	0	0	0	0
3005557	1	747	0	0	0	0	0	0
3006902	1	804	0	0	0	0	0	0
3005558	1	1152	0	0	0	0	0	0
3006903	1	1029	0	0	0	0	0	0
3005559	1	867	0	0	0	0	0	0
3005560	1	852	0	0	0	0	0	0
3005561	1	852	0	0	0	0	0	0
3005562	1	852	0	0	0	0	0	0
3005563	1	852	0	0	0	0	0	0
3005564	1	852	0	0	0	0	0	0
3005565	1	852	0	0	0	0	0	0
3005566	1	852	0	0	0	0	0	0
3005567	1	852	0	0	0	0	0	0
3005568	1	852	0	0	0	0	0	0
3005569	1	852	0	0	0	0	0	0
3005570	1	852	0	0	0	0	0	0
3005571	1	852	0	0	0	0	0	0
3005572	1	852	0	0	0	0	0	0
3005573	1	852	0	0	0	0	0	0
3005574	1	852	0	0	0	0	0	0
3005575	1	852	0	0	0	0	0	0
3005576	1	852	0	0	0	0	0	0
3005577	1	852	0	0	0	0	0	0
3005578	1	852	0	0	0	0	0	0
3005579	1	852	0	0	0	0	0	0
3005580	1	852	0	0	0	0	0	0
3005581	1	852	0	0	0	0	0	0
3005582	1	852	0	0	0	0	0	0
3005583	1	897	0	0	0	0	0	0
3005584	1	897	0	0	0	0	0	0
3005585	1	867	0	0	0	0	0	0
3005586	1	867	0	0	0	0	0	0
3005587	1	867	0	0	0	0	0	0
3005588	1	897	0	0	0	0	0	0
3005589	1	867	0	0	0	0	0	0
3006904	1	939	0	0	0	0	0	0
3006905	1	927	0	0	0	0	0	0
3006224	1	903	0	0	0	0	0	0
3006225	1	903	0	0	0	0	0	0
3006226	1	903	0	0	0	0	0	0
3006906	1	750	0	0	0	0	0	0
3006907	1	750	0	0	0	0	0	0
3006908	1	750	0	0	0	0	0	0
3006909	1	750	0	0	0	0	0	0
3006910	1	750	0	0	0	0	0	0
3006911	1	750	0	0	0	0	0	0
3006912	1	750	0	0	0	0	0	0
3006913	1	750	0	0	0	0	0	0
3006914	1	750	0	0	0	0	0	0
3006915	1	750	0	0	0	0	0	0
3006916	1	750	0	0	0	0	0	0
3006917	1	750	0	0	0	0	0	0
3006918	1	750	0	0	0	0	0	0
3006919	1	750	0	0	0	0	0	0
3006920	1	750	0	0	0	0	0	0
3006921	1	750	0	0	0	0	0	0
3006922	1	1128	0	0	0	0	0	0
3006923	1	1128	0	0	0	0	0	0
3006155	1	894	0	0	0	0	0	0
3006854	1	1146	0	0	0	0	0	0
3006855	1	1146	0	0	0	0	0	0
3006856	1	1146	0	0	0	0	0	0
3006857	1	1146	0	0	0	0	0	0
3006858	1	1146	0	0	0	0	0	0
3006864	1	912	0	0	0	0	0	0
3006865	1	873	0	0	0	0	0	0
3006866	1	873	0	0	0	0	0	0
3006867	1	873	0	0	0	0	0	0
3006868	1	882	0	0	0	0	0	0
3006869	1	1128	0	0	0	0	0	0
3006870	1	1128	0	0	0	0	0	0
3006871	1	918	0	0	0	0	0	0
3001998	1	876	0	0	0	0	0	0
3002010	1	876	0	0	0	0	0	0
3005591	1	876	0	0	0	0	0	0
3005594	1	876	0	0	0	0	0	0
3005597	1	876	0	0	0	0	0	0
3005608	1	876	0	0	0	0	0	0
3005614	1	876	0	0	0	0	0	0
3005615	1	876	0	0	0	0	0	0
3005618	1	876	0	0	0	0	0	0
3005619	1	876	0	0	0	0	0	0
3005621	1	876	0	0	0	0	0	0
3005622	1	876	0	0	0	0	0	0
3005623	1	876	0	0	0	0	0	0
3005624	1	876	0	0	0	0	0	0
3005628	1	876	0	0	0	0	0	0
3005636	1	876	0	0	0	0	0	0
3005637	1	876	0	0	0	0	0	0
3005638	1	876	0	0	0	0	0	0
3005640	1	876	0	0	0	0	0	0
3005642	1	876	0	0	0	0	0	0
3005644	1	876	0	0	0	0	0	0
3005646	1	876	0	0	0	0	0	0
3005652	1	873	0	0	0	0	0	0
3005656	1	876	0	0	0	0	0	0
3005657	1	876	0	0	0	0	0	0
3005658	1	876	0	0	0	0	0	0
3005662	1	876	0	0	0	0	0	0
3005663	1	876	0	0	0	0	0	0
3005664	1	870	0	0	0	0	0	0
3005665	1	876	0	0	0	0	0	0
3001934	1	876	0	0	0	0	0	0
3005667	1	876	0	0	0	0	0	0
3006924	1	768	0	0	0	0	0	0
3002154	1	1140	0	0	0	0	0	0
3006465	1	1140	0	0	0	0	0	0
3006466	1	1140	0	0	0	0	0	0
3006467	1	1140	0	0	0	0	0	0
3006468	1	1140	0	0	0	0	0	0
3006469	1	1140	0	0	0	0	0	0
3006470	1	1140	0	0	0	0	0	0
3002137	1	1140	0	0	0	0	0	0
3006872	1	909	0	0	0	0	0	0
3006873	1	957	0	0	0	0	0	0
3005461	1	708	0	0	0	0	0	0
3005462	1	708	0	0	0	0	0	0
3006882	1	912	0	0	0	0	0	0
3006883	1	774	0	0	0	0	0	0
3006884	1	909	0	0	0	0	0	0
3006885	1	942	0	0	0	0	0	0
3006886	1	918	0	0	0	0	0	0
3006887	1	750	0	0	0	0	0	0
3006227	1	885	0	0	0	0	0	0
3006888	1	861	0	0	0	0	0	0
3006889	1	813	0	0	0	0	0	0
3005668	1	879	0	0	0	0	0	0
3005669	1	873	0	0	0	0	0	0
3005670	1	873	0	0	0	0	0	0
3005671	1	873	0	0	0	0	0	0
3005672	1	873	0	0	0	0	0	0
3005673	1	873	0	0	0	0	0	0
3005674	1	885	0	0	0	0	0	0
3005675	1	879	0	0	0	0	0	0
3005676	1	873	0	0	0	0	0	0
3005677	1	873	0	0	0	0	0	0
3005678	1	873	0	0	0	0	0	0
3005679	1	873	0	0	0	0	0	0
3005680	1	873	0	0	0	0	0	0
3005681	1	879	0	0	0	0	0	0
3005682	1	873	0	0	0	0	0	0
3005683	1	873	0	0	0	0	0	0
3005684	1	873	0	0	0	0	0	0
3005685	1	873	0	0	0	0	0	0
3005686	1	873	0	0	0	0	0	0
3005687	1	873	0	0	0	0	0	0
3005688	1	873	0	0	0	0	0	0
3005689	1	873	0	0	0	0	0	0
3005690	1	873	0	0	0	0	0	0
3005691	1	873	0	0	0	0	0	0
3005692	1	873	0	0	0	0	0	0
3005693	1	873	0	0	0	0	0	0
3005694	1	873	0	0	0	0	0	0
3005695	1	873	0	0	0	0	0	0
3005696	1	873	0	0	0	0	0	0
3005697	1	873	0	0	0	0	0	0
3005698	1	873	0	0	0	0	0	0
3005699	1	873	0	0	0	0	0	0
3006925	1	726	0	0	0	0	0	0
3006926	1	870	0	0	0	0	0	0
3006176	1	879	0	0	0	0	0	0
3006177	1	879	0	0	0	0	0	0
3006178	1	879	0	0	0	0	0	0
3006179	1	879	0	0	0	0	0	0
3006180	1	879	0	0	0	0	0	0
3006181	1	879	0	0	0	0	0	0
3006182	1	879	0	0	0	0	0	0
3006183	1	879	0	0	0	0	0	0
3006184	1	879	0	0	0	0	0	0
3006185	1	879	0	0	0	0	0	0
3001862	1	879	0	0	0	0	0	0
3001863	1	879	0	0	0	0	0	0
3003143	1	879	0	0	0	0	0	0
3002208	1	741	0	0	0	0	0	0
3002214	1	741	0	0	0	0	0	0
3002230	1	741	0	0	0	0	0	0
3002237	1	726	0	0	0	0	0	0
3005463	1	738	0	0	0	0	0	0
3005464	1	741	0	0	0	0	0	0
3005465	1	741	0	0	0	0	0	0
3005466	1	741	0	0	0	0	0	0
3005467	1	741	0	0	0	0	0	0
3005468	1	741	0	0	0	0	0	0
3005469	1	741	0	0	0	0	0	0
3005470	1	741	0	0	0	0	0	0
3005471	1	741	0	0	0	0	0	0
3005472	1	741	0	0	0	0	0	0
3005473	1	741	0	0	0	0	0	0
3005474	1	741	0	0	0	0	0	0
3005475	1	741	0	0	0	0	0	0
3005476	1	741	0	0	0	0	0	0
3005477	1	741	0	0	0	0	0	0
3005478	1	741	0	0	0	0	0	0
3005479	1	741	0	0	0	0	0	0
3005480	1	741	0	0	0	0	0	0
3005481	1	741	0	0	0	0	0	0
3005482	1	741	0	0	0	0	0	0
3005483	1	741	0	0	0	0	0	0
3005484	1	741	0	0	0	0	0	0
3005485	1	741	0	0	0	0	0	0
3005486	1	741	0	0	0	0	0	0
3005487	1	738	0	0	0	0	0	0
3005488	1	741	0	0	0	0	0	0
3005489	1	741	0	0	0	0	0	0
3005490	1	741	0	0	0	0	0	0
3005491	1	741	0	0	0	0	0	0
3005492	1	741	0	0	0	0	0	0
3005493	1	720	0	0	0	0	0	0
3006932	1	861	0	0	0	0	0	0
3006933	1	861	0	0	0	0	0	0
3006934	1	861	0	0	0	0	0	0
3006935	1	1167	0	0	0	0	0	0
3006936	1	1170	0	0	0	0	0	0
3006937	1	1173	0	0	0	0	0	0
3006938	1	1173	0	0	0	0	0	0
3006939	1	1173	0	0	0	0	0	0
3006940	1	1173	0	0	0	0	0	0
3006941	1	900	0	0	0	0	0	0
3006942	1	912	0	0	0	0	0	0
3006943	1	891	0	0	0	0	0	0
3006944	1	891	0	0	0	0	0	0
3006945	1	891	0	0	0	0	0	0
3006946	1	891	0	0	0	0	0	0
3006947	1	891	0	0	0	0	0	0
3006948	1	891	0	0	0	0	0	0
3006949	1	903	0	0	0	0	0	0
3006950	1	900	0	0	0	0	0	0
3006951	1	870	0	0	0	0	0	0
3006952	1	747	0	0	0	0	0	0
3006953	1	1140	0	0	0	0	0	0
3006954	1	801	0	0	0	0	0	0
3006955	1	786	0	0	0	0	0	0
3004869	1	813	0	0	0	0	0	0
3005700	1	813	0	0	0	0	0	0
3005701	1	813	0	0	0	0	0	0
3006956	1	861	0	0	0	0	0	0
3006141	1	861	0	0	0	0	0	0
3006142	1	861	0	0	0	0	0	0
3006143	1	861	0	0	0	0	0	0
3006144	1	861	0	0	0	0	0	0
3006145	1	861	0	0	0	0	0	0
3006146	1	861	0	0	0	0	0	0
3006147	1	861	0	0	0	0	0	0
3006148	1	861	0	0	0	0	0	0
3006149	1	861	0	0	0	0	0	0
3006150	1	861	0	0	0	0	0	0
3006151	1	861	0	0	0	0	0	0
3006152	1	861	0	0	0	0	0	0
3006153	1	861	0	0	0	0	0	0
3006963	1	768	0	0	0	0	0	0
3005702	1	828	0	0	0	0	0	0
3005703	1	828	0	0	0	0	0	0
3005704	1	828	0	0	0	0	0	0
3005705	1	828	0	0	0	0	0	0
3005706	1	828	0	0	0	0	0	0
3005707	1	828	0	0	0	0	0	0
3005708	1	828	0	0	0	0	0	0
3005709	1	828	0	0	0	0	0	0
3005710	1	828	0	0	0	0	0	0
3005711	1	828	0	0	0	0	0	0
3005712	1	828	0	0	0	0	0	0
3005713	1	828	0	0	0	0	0	0
3005714	1	828	0	0	0	0	0	0
3005715	1	828	0	0	0	0	0	0
3005716	1	828	0	0	0	0	0	0
3005717	1	828	0	0	0	0	0	0
3005718	1	828	0	0	0	0	0	0
3005719	1	828	0	0	0	0	0	0
3005720	1	828	0	0	0	0	0	0
3005721	1	828	0	0	0	0	0	0
3005722	1	828	0	0	0	0	0	0
3005723	1	828	0	0	0	0	0	0
3001464	1	852	0	0	0	0	0	0
3001478	1	774	0	0	0	0	0	0
3001762	1	837	0	0	0	0	0	0
3001581	1	789	0	0	0	0	0	0
3001582	1	789	0	0	0	0	0	0
3005724	1	774	0	0	0	0	0	0
3005725	1	762	0	0	0	0	0	0
3005726	1	747	0	0	0	0	0	0
3005727	1	789	0	0	0	0	0	0
3005728	1	825	0	0	0	0	0	0
3005730	1	822	0	0	0	0	0	0
3005731	1	822	0	0	0	0	0	0
3005732	1	822	0	0	0	0	0	0
3005733	1	822	0	0	0	0	0	0
3005735	1	798	0	0	0	0	0	0
3005736	1	822	0	0	0	0	0	0
3005737	1	825	0	0	0	0	0	0
3005738	1	825	0	0	0	0	0	0
3005739	1	825	0	0	0	0	0	0
3005740	1	825	0	0	0	0	0	0
3005741	1	825	0	0	0	0	0	0
3005742	1	843	0	0	0	0	0	0
3005743	1	828	0	0	0	0	0	0
3005744	1	798	0	0	0	0	0	0
3005745	1	798	0	0	0	0	0	0
3005746	1	825	0	0	0	0	0	0
3005747	1	792	0	0	0	0	0	0
3005748	1	747	0	0	0	0	0	0
3005749	1	798	0	0	0	0	0	0
3005751	1	825	0	0	0	0	0	0
3005752	1	822	0	0	0	0	0	0
3005753	1	825	0	0	0	0	0	0
3005754	1	825	0	0	0	0	0	0
3005755	1	825	0	0	0	0	0	0
3005756	1	822	0	0	0	0	0	0
3005757	1	825	0	0	0	0	0	0
3005758	1	825	0	0	0	0	0	0
3005759	1	825	0	0	0	0	0	0
3005760	1	825	0	0	0	0	0	0
3005761	1	825	0	0	0	0	0	0
3005762	1	825	0	0	0	0	0	0
3005763	1	822	0	0	0	0	0	0
3005764	1	831	0	0	0	0	0	0
3005765	1	825	0	0	0	0	0	0
3005766	1	831	0	0	0	0	0	0
3005767	1	798	0	0	0	0	0	0
3005768	1	828	0	0	0	0	0	0
3005769	1	825	0	0	0	0	0	0
3005770	1	798	0	0	0	0	0	0
3005771	1	798	0	0	0	0	0	0
3005772	1	873	0	0	0	0	0	0
3005773	1	873	0	0	0	0	0	0
3005774	1	873	0	0	0	0	0	0
3005775	1	888	0	0	0	0	0	0
3005776	1	873	0	0	0	0	0	0
3005777	1	888	0	0	0	0	0	0
3005778	1	825	0	0	0	0	0	0
3005779	1	825	0	0	0	0	0	0
3005780	1	825	0	0	0	0	0	0
3005781	1	825	0	0	0	0	0	0
3005782	1	825	0	0	0	0	0	0
3005783	1	825	0	0	0	0	0	0
3005784	1	825	0	0	0	0	0	0
3005785	1	825	0	0	0	0	0	0
3005786	1	825	0	0	0	0	0	0
3005787	1	822	0	0	0	0	0	0
3005788	1	822	0	0	0	0	0	0
3005789	1	822	0	0	0	0	0	0
3005790	1	798	0	0	0	0	0	0
3005791	1	795	0	0	0	0	0	0
3005792	1	831	0	0	0	0	0	0
3005793	1	840	0	0	0	0	0	0
3005794	1	828	0	0	0	0	0	0
3005795	1	840	0	0	0	0	0	0
3005796	1	828	0	0	0	0	0	0
3005797	1	747	0	0	0	0	0	0
3005798	1	774	0	0	0	0	0	0
3005799	1	774	0	0	0	0	0	0
3005800	1	774	0	0	0	0	0	0
3005801	1	774	0	0	0	0	0	0
3005802	1	774	0	0	0	0	0	0
3005803	1	774	0	0	0	0	0	0
3005804	1	774	0	0	0	0	0	0
3005805	1	774	0	0	0	0	0	0
3005806	1	774	0	0	0	0	0	0
3005807	1	774	0	0	0	0	0	0
3005808	1	774	0	0	0	0	0	0
3005809	1	774	0	0	0	0	0	0
3005810	1	774	0	0	0	0	0	0
3005811	1	774	0	0	0	0	0	0
3005812	1	774	0	0	0	0	0	0
3005813	1	774	0	0	0	0	0	0
3005814	1	774	0	0	0	0	0	0
3005815	1	774	0	0	0	0	0	0
3005816	1	774	0	0	0	0	0	0
3005817	1	774	0	0	0	0	0	0
3005818	1	774	0	0	0	0	0	0
3005819	1	771	0	0	0	0	0	0
3005820	1	774	0	0	0	0	0	0
3005821	1	774	0	0	0	0	0	0
3005822	1	762	0	0	0	0	0	0
3005823	1	762	0	0	0	0	0	0
3005824	1	762	0	0	0	0	0	0
3005825	1	762	0	0	0	0	0	0
3005826	1	807	0	0	0	0	0	0
3005827	1	774	0	0	0	0	0	0
3005828	1	759	0	0	0	0	0	0
3005829	1	774	0	0	0	0	0	0
3005830	1	774	0	0	0	0	0	0
3005831	1	774	0	0	0	0	0	0
3005832	1	774	0	0	0	0	0	0
3005833	1	774	0	0	0	0	0	0
3005834	1	753	0	0	0	0	0	0
3005835	1	774	0	0	0	0	0	0
3005836	1	774	0	0	0	0	0	0
3005837	1	750	0	0	0	0	0	0
3005838	1	774	0	0	0	0	0	0
3005839	1	774	0	0	0	0	0	0
3005840	1	774	0	0	0	0	0	0
3005841	1	774	0	0	0	0	0	0
3005842	1	774	0	0	0	0	0	0
3005843	1	774	0	0	0	0	0	0
3005844	1	747	0	0	0	0	0	0
3005845	1	774	0	0	0	0	0	0
3005846	1	747	0	0	0	0	0	0
3005847	1	747	0	0	0	0	0	0
3005848	1	747	0	0	0	0	0	0
3005849	1	747	0	0	0	0	0	0
3005850	1	747	0	0	0	0	0	0
3005851	1	747	0	0	0	0	0	0
3005852	1	747	0	0	0	0	0	0
3005853	1	747	0	0	0	0	0	0
3005854	1	747	0	0	0	0	0	0
3005855	1	747	0	0	0	0	0	0
3005856	1	750	0	0	0	0	0	0
3005857	1	750	0	0	0	0	0	0
3005858	1	750	0	0	0	0	0	0
3005859	1	750	0	0	0	0	0	0
3005860	1	750	0	0	0	0	0	0
3005861	1	750	0	0	0	0	0	0
3005862	1	822	0	0	0	0	0	0
3005869	1	825	0	0	0	0	0	0
3005872	1	822	0	0	0	0	0	0
3005873	1	720	0	0	0	0	0	0
3005874	1	828	0	0	0	0	0	0
3005875	1	720	0	0	0	0	0	0
3005876	1	834	0	0	0	0	0	0
3005879	1	846	0	0	0	0	0	0
3005880	1	840	0	0	0	0	0	0
3005881	1	834	0	0	0	0	0	0
3005882	1	843	0	0	0	0	0	0
3005883	1	831	0	0	0	0	0	0
3005886	1	822	0	0	0	0	0	0
3005887	1	831	0	0	0	0	0	0
3005888	1	825	0	0	0	0	0	0
3005889	1	825	0	0	0	0	0	0
3005890	1	825	0	0	0	0	0	0
3005891	1	825	0	0	0	0	0	0
3005892	1	825	0	0	0	0	0	0
3005893	1	825	0	0	0	0	0	0
3005894	1	825	0	0	0	0	0	0
3005895	1	825	0	0	0	0	0	0
3005896	1	825	0	0	0	0	0	0
3005897	1	825	0	0	0	0	0	0
3005898	1	825	0	0	0	0	0	0
3005899	1	825	0	0	0	0	0	0
3005900	1	825	0	0	0	0	0	0
3005901	1	825	0	0	0	0	0	0
3005902	1	825	0	0	0	0	0	0
3005903	1	825	0	0	0	0	0	0
3005904	1	825	0	0	0	0	0	0
3005905	1	825	0	0	0	0	0	0
3005906	1	825	0	0	0	0	0	0
3005907	1	825	0	0	0	0	0	0
3005908	1	825	0	0	0	0	0	0
3005909	1	825	0	0	0	0	0	0
3005910	1	825	0	0	0	0	0	0
3005911	1	825	0	0	0	0	0	0
3005912	1	825	0	0	0	0	0	0
3005913	1	825	0	0	0	0	0	0
3005914	1	825	0	0	0	0	0	0
3005915	1	825	0	0	0	0	0	0
3005916	1	825	0	0	0	0	0	0
3005917	1	825	0	0	0	0	0	0
3005918	1	825	0	0	0	0	0	0
3005919	1	825	0	0	0	0	0	0
3005920	1	825	0	0	0	0	0	0
3005921	1	825	0	0	0	0	0	0
3005922	1	825	0	0	0	0	0	0
3005923	1	825	0	0	0	0	0	0
3005924	1	825	0	0	0	0	0	0
3005925	1	825	0	0	0	0	0	0
3005926	1	825	0	0	0	0	0	0
3005927	1	825	0	0	0	0	0	0
3005928	1	825	0	0	0	0	0	0
3005929	1	825	0	0	0	0	0	0
3005930	1	825	0	0	0	0	0	0
3005932	1	852	0	0	0	0	0	0
3005933	1	852	0	0	0	0	0	0
3005934	1	870	0	0	0	0	0	0
3005935	1	831	0	0	0	0	0	0
3005936	1	798	0	0	0	0	0	0
3005937	1	801	0	0	0	0	0	0
3005938	1	825	0	0	0	0	0	0
3005939	1	825	0	0	0	0	0	0
3005940	1	825	0	0	0	0	0	0
3005942	1	825	0	0	0	0	0	0
3005943	1	825	0	0	0	0	0	0
3005944	1	825	0	0	0	0	0	0
3005945	1	825	0	0	0	0	0	0
3005946	1	825	0	0	0	0	0	0
3005947	1	825	0	0	0	0	0	0
3005948	1	825	0	0	0	0	0	0
3005949	1	825	0	0	0	0	0	0
3005950	1	825	0	0	0	0	0	0
3005951	1	825	0	0	0	0	0	0
3005952	1	825	0	0	0	0	0	0
3005953	1	825	0	0	0	0	0	0
3005954	1	825	0	0	0	0	0	0
3005955	1	825	0	0	0	0	0	0
3005956	1	825	0	0	0	0	0	0
3005957	1	825	0	0	0	0	0	0
3005958	1	825	0	0	0	0	0	0
3005959	1	825	0	0	0	0	0	0
3005960	1	825	0	0	0	0	0	0
3005961	1	825	0	0	0	0	0	0
3005962	1	825	0	0	0	0	0	0
3005963	1	825	0	0	0	0	0	0
3005964	1	825	0	0	0	0	0	0
3005965	1	825	0	0	0	0	0	0
3005966	1	825	0	0	0	0	0	0
3005967	1	825	0	0	0	0	0	0
3005968	1	825	0	0	0	0	0	0
3005969	1	825	0	0	0	0	0	0
3005970	1	825	0	0	0	0	0	0
3005971	1	825	0	0	0	0	0	0
3005972	1	825	0	0	0	0	0	0
3005973	1	825	0	0	0	0	0	0
3005974	1	825	0	0	0	0	0	0
3005975	1	825	0	0	0	0	0	0
3005976	1	825	0	0	0	0	0	0
3005977	1	825	0	0	0	0	0	0
3005978	1	825	0	0	0	0	0	0
3005979	1	825	0	0	0	0	0	0
3005980	1	825	0	0	0	0	0	0
3005981	1	822	0	0	0	0	0	0
3005982	1	822	0	0	0	0	0	0
3005984	1	825	0	0	0	0	0	0
3005985	1	825	0	0	0	0	0	0
3005986	1	750	0	0	0	0	0	0
3005987	1	774	0	0	0	0	0	0
3005988	1	747	0	0	0	0	0	0
3005989	1	744	0	0	0	0	0	0
3005990	1	828	0	0	0	0	0	0
3005991	1	786	0	0	0	0	0	0
3005992	1	828	0	0	0	0	0	0
3005993	1	792	0	0	0	0	0	0
3005996	1	831	0	0	0	0	0	0
3005997	1	825	0	0	0	0	0	0
3005998	1	825	0	0	0	0	0	0
3005999	1	825	0	0	0	0	0	0
3006000	1	825	0	0	0	0	0	0
3006001	1	822	0	0	0	0	0	0
3006002	1	822	0	0	0	0	0	0
3006003	1	822	0	0	0	0	0	0
3006004	1	822	0	0	0	0	0	0
3006005	1	822	0	0	0	0	0	0
3006006	1	822	0	0	0	0	0	0
3006007	1	822	0	0	0	0	0	0
3006008	1	822	0	0	0	0	0	0
3006009	1	822	0	0	0	0	0	0
3006010	1	822	0	0	0	0	0	0
3006011	1	822	0	0	0	0	0	0
3006012	1	822	0	0	0	0	0	0
3006013	1	822	0	0	0	0	0	0
3006014	1	822	0	0	0	0	0	0
3006015	1	822	0	0	0	0	0	0
3006016	1	822	0	0	0	0	0	0
3006017	1	822	0	0	0	0	0	0
3006018	1	822	0	0	0	0	0	0
3006019	1	822	0	0	0	0	0	0
3006020	1	822	0	0	0	0	0	0
3006023	1	822	0	0	0	0	0	0
3006025	1	825	0	0	0	0	0	0
3006026	1	825	0	0	0	0	0	0
3006027	1	801	0	0	0	0	0	0
3006028	1	825	0	0	0	0	0	0
3006029	1	822	0	0	0	0	0	0
3006030	1	798	0	0	0	0	0	0
3006031	1	825	0	0	0	0	0	0
3006033	1	828	0	0	0	0	0	0
3006034	1	822	0	0	0	0	0	0
3006035	1	822	0	0	0	0	0	0
3006036	1	822	0	0	0	0	0	0
3006037	1	822	0	0	0	0	0	0
3006038	1	822	0	0	0	0	0	0
3006039	1	828	0	0	0	0	0	0
3006040	1	789	0	0	0	0	0	0
3006041	1	789	0	0	0	0	0	0
3006042	1	789	0	0	0	0	0	0
3006043	1	789	0	0	0	0	0	0
3006044	1	825	0	0	0	0	0	0
3006045	1	825	0	0	0	0	0	0
3006046	1	825	0	0	0	0	0	0
3006047	1	825	0	0	0	0	0	0
3006048	1	825	0	0	0	0	0	0
3006049	1	825	0	0	0	0	0	0
3006050	1	825	0	0	0	0	0	0
3006051	1	825	0	0	0	0	0	0
3006052	1	825	0	0	0	0	0	0
3006053	1	825	0	0	0	0	0	0
3006054	1	825	0	0	0	0	0	0
3006055	1	825	0	0	0	0	0	0
3006056	1	825	0	0	0	0	0	0
3006057	1	825	0	0	0	0	0	0
3006058	1	825	0	0	0	0	0	0
3006059	1	825	0	0	0	0	0	0
3006060	1	825	0	0	0	0	0	0
3006061	1	825	0	0	0	0	0	0
3006062	1	825	0	0	0	0	0	0
3006063	1	825	0	0	0	0	0	0
3006064	1	825	0	0	0	0	0	0
3006065	1	825	0	0	0	0	0	0
3006066	1	825	0	0	0	0	0	0
3006067	1	825	0	0	0	0	0	0
3006068	1	825	0	0	0	0	0	0
3006069	1	825	0	0	0	0	0	0
3006070	1	825	0	0	0	0	0	0
3006071	1	825	0	0	0	0	0	0
3006072	1	825	0	0	0	0	0	0
3006073	1	825	0	0	0	0	0	0
3006074	1	825	0	0	0	0	0	0
3006075	1	825	0	0	0	0	0	0
3006076	1	825	0	0	0	0	0	0
3006077	1	825	0	0	0	0	0	0
3006078	1	825	0	0	0	0	0	0
3006079	1	825	0	0	0	0	0	0
3006080	1	825	0	0	0	0	0	0
3006081	1	825	0	0	0	0	0	0
3006082	1	825	0	0	0	0	0	0
3006083	1	825	0	0	0	0	0	0
3006084	1	825	0	0	0	0	0	0
3006085	1	822	0	0	0	0	0	0
3006086	1	798	0	0	0	0	0	0
3006087	1	825	0	0	0	0	0	0
3006088	1	813	0	0	0	0	0	0
3006089	1	789	0	0	0	0	0	0
3006090	1	792	0	0	0	0	0	0
3006091	1	789	0	0	0	0	0	0
3006092	1	789	0	0	0	0	0	0
3006093	1	789	0	0	0	0	0	0
3006094	1	789	0	0	0	0	0	0
3006095	1	789	0	0	0	0	0	0
3006096	1	825	0	0	0	0	0	0
3006097	1	825	0	0	0	0	0	0
3006098	1	825	0	0	0	0	0	0
3006100	1	789	0	0	0	0	0	0
3006101	1	789	0	0	0	0	0	0
3006102	1	825	0	0	0	0	0	0
3006104	1	798	0	0	0	0	0	0
3006105	1	828	0	0	0	0	0	0
3006106	1	798	0	0	0	0	0	0
3006107	1	831	0	0	0	0	0	0
3006108	1	798	0	0	0	0	0	0
3006109	1	798	0	0	0	0	0	0
3006110	1	798	0	0	0	0	0	0
3006111	1	825	0	0	0	0	0	0
3006112	1	825	0	0	0	0	0	0
3006114	1	786	0	0	0	0	0	0
3006117	1	789	0	0	0	0	0	0
3006118	1	825	0	0	0	0	0	0
3006119	1	825	0	0	0	0	0	0
3006120	1	825	0	0	0	0	0	0
3006121	1	822	0	0	0	0	0	0
3006122	1	822	0	0	0	0	0	0
3006123	1	822	0	0	0	0	0	0
3006124	1	828	0	0	0	0	0	0
3006125	1	831	0	0	0	0	0	0
3006126	1	828	0	0	0	0	0	0
3006127	1	831	0	0	0	0	0	0
3006128	1	828	0	0	0	0	0	0
3002406	1	873	0	0	0	0	0	0
3002407	1	873	0	0	0	0	0	0
3002408	1	873	0	0	0	0	0	0
3006129	1	873	0	0	0	0	0	0
3006130	1	867	0	0	0	0	0	0
3006480	1	1194	0	0	0	0	0	0
3006481	1	1194	0	0	0	0	0	0
3006482	1	1194	0	0	0	0	0	0
3006483	1	1194	0	0	0	0	0	0
3006484	1	1194	0	0	0	0	0	0
3006485	1	1194	0	0	0	0	0	0
3006486	1	1194	0	0	0	0	0	0
3006487	1	1194	0	0	0	0	0	0
3006488	1	1194	0	0	0	0	0	0
3006489	1	1194	0	0	0	0	0	0
3006490	1	1194	0	0	0	0	0	0
3006491	1	1194	0	0	0	0	0	0
3006492	1	1194	0	0	0	0	0	0
3006493	1	1194	0	0	0	0	0	0
3006494	1	1194	0	0	0	0	0	0
3006495	1	1194	0	0	0	0	0	0
3006496	1	1194	0	0	0	0	0	0
3006497	1	1194	0	0	0	0	0	0
3006498	1	1194	0	0	0	0	0	0
3006499	1	1194	0	0	0	0	0	0
3006500	1	1194	0	0	0	0	0	0
3006501	1	1194	0	0	0	0	0	0
3006502	1	1194	0	0	0	0	0	0
3006503	1	1194	0	0	0	0	0	0
3006504	1	1194	0	0	0	0	0	0
3006505	1	1194	0	0	0	0	0	0
3006506	1	1194	0	0	0	0	0	0
3006507	1	1194	0	0	0	0	0	0
3006508	1	1194	0	0	0	0	0	0
3006509	1	1194	0	0	0	0	0	0
3006510	1	1194	0	0	0	0	0	0
3006511	1	1194	0	0	0	0	0	0
3006512	1	1194	0	0	0	0	0	0
3006513	1	1194	0	0	0	0	0	0
3006514	1	1194	0	0	0	0	0	0
3006515	1	1194	0	0	0	0	0	0
3006516	1	1194	0	0	0	0	0	0
3006517	1	1194	0	0	0	0	0	0
3006518	1	1194	0	0	0	0	0	0
3006519	1	1194	0	0	0	0	0	0
3006520	1	1194	0	0	0	0	0	0
3006521	1	1194	0	0	0	0	0	0
3006522	1	1194	0	0	0	0	0	0
3006523	1	1194	0	0	0	0	0	0
3006524	1	1194	0	0	0	0	0	0
3006525	1	1194	0	0	0	0	0	0
3006526	1	1194	0	0	0	0	0	0
3006527	1	1194	0	0	0	0	0	0
3006528	1	1194	0	0	0	0	0	0
3006529	1	1194	0	0	0	0	0	0
3006530	1	1194	0	0	0	0	0	0
3006531	1	1194	0	0	0	0	0	0
3006532	1	1194	0	0	0	0	0	0
3006533	1	1194	0	0	0	0	0	0
3006534	1	1194	0	0	0	0	0	0
3006535	1	1194	0	0	0	0	0	0
3006536	1	1194	0	0	0	0	0	0
3006537	1	1194	0	0	0	0	0	0
3006538	1	1194	0	0	0	0	0	0
3006539	1	1194	0	0	0	0	0	0
3006540	1	1194	0	0	0	0	0	0
3006541	1	1194	0	0	0	0	0	0
3006542	1	1194	0	0	0	0	0	0
3006543	1	1194	0	0	0	0	0	0
3006544	1	1194	0	0	0	0	0	0
3006545	1	1188	0	0	0	0	0	0
3006546	1	1194	0	0	0	0	0	0
3006547	1	1194	0	0	0	0	0	0
3006548	1	1194	0	0	0	0	0	0
3006549	1	1194	0	0	0	0	0	0
3006550	1	1194	0	0	0	0	0	0
3006551	1	1194	0	0	0	0	0	0
3006552	1	1194	0	0	0	0	0	0
3006553	1	1194	0	0	0	0	0	0
3006554	1	1194	0	0	0	0	0	0
3006555	1	1194	0	0	0	0	0	0
3006556	1	1194	0	0	0	0	0	0
3006557	1	1194	0	0	0	0	0	0
3006558	1	1194	0	0	0	0	0	0
3006559	1	1194	0	0	0	0	0	0
3006560	1	1194	0	0	0	0	0	0
3006561	1	1194	0	0	0	0	0	0
3006562	1	1194	0	0	0	0	0	0
3006563	1	1194	0	0	0	0	0	0
3006564	1	1194	0	0	0	0	0	0
3006565	1	1188	0	0	0	0	0	0
3006566	1	1194	0	0	0	0	0	0
3006567	1	1194	0	0	0	0	0	0
3006568	1	1194	0	0	0	0	0	0
3006569	1	1194	0	0	0	0	0	0
3006570	1	1194	0	0	0	0	0	0
3006571	1	1194	0	0	0	0	0	0
3006572	1	1194	0	0	0	0	0	0
3006573	1	1194	0	0	0	0	0	0
3006574	1	1194	0	0	0	0	0	0
3006575	1	1194	0	0	0	0	0	0
3006576	1	1194	0	0	0	0	0	0
3006577	1	1194	0	0	0	0	0	0
3006578	1	1194	0	0	0	0	0	0
3006579	1	1194	0	0	0	0	0	0
3006580	1	1188	0	0	0	0	0	0
3006581	1	1194	0	0	0	0	0	0
3006582	1	1194	0	0	0	0	0	0
3006583	1	1194	0	0	0	0	0	0
3006584	1	1194	0	0	0	0	0	0
3006585	1	1194	0	0	0	0	0	0
3006586	1	1194	0	0	0	0	0	0
3006587	1	1194	0	0	0	0	0	0
3006588	1	1194	0	0	0	0	0	0
3006589	1	1194	0	0	0	0	0	0
3006590	1	1194	0	0	0	0	0	0
3006591	1	1194	0	0	0	0	0	0
3006592	1	1194	0	0	0	0	0	0
3006593	1	1194	0	0	0	0	0	0
3006594	1	1194	0	0	0	0	0	0
3006595	1	1194	0	0	0	0	0	0
3006596	1	1194	0	0	0	0	0	0
3006597	1	1194	0	0	0	0	0	0
3006598	1	1194	0	0	0	0	0	0
3006599	1	1194	0	0	0	0	0	0
3006600	1	1194	0	0	0	0	0	0
3006601	1	1194	0	0	0	0	0	0
3006602	1	1194	0	0	0	0	0	0
3006603	1	1137	0	0	0	0	0	0
3006604	1	1194	0	0	0	0	0	0
3006605	1	1194	0	0	0	0	0	0
3006606	1	1194	0	0	0	0	0	0
3006607	1	1194	0	0	0	0	0	0
3006608	1	1194	0	0	0	0	0	0
3006609	1	1194	0	0	0	0	0	0
3006610	1	1194	0	0	0	0	0	0
3006611	1	1194	0	0	0	0	0	0
3006612	1	1194	0	0	0	0	0	0
3006613	1	1194	0	0	0	0	0	0
3006614	1	1182	0	0	0	0	0	0
3006615	1	1194	0	0	0	0	0	0
3006616	1	1194	0	0	0	0	0	0
3006617	1	1194	0	0	0	0	0	0
3006618	1	1194	0	0	0	0	0	0
3006619	1	1194	0	0	0	0	0	0
3006620	1	1194	0	0	0	0	0	0
3006621	1	1215	0	0	0	0	0	0
3006622	1	1170	0	0	0	0	0	0
3006623	1	1194	0	0	0	0	0	0
3006624	1	1194	0	0	0	0	0	0
3006625	1	1194	0	0	0	0	0	0
3006626	1	1194	0	0	0	0	0	0
3006627	1	1194	0	0	0	0	0	0
3006628	1	1194	0	0	0	0	0	0
3006629	1	1194	0	0	0	0	0	0
3006630	1	1194	0	0	0	0	0	0
3006631	1	1194	0	0	0	0	0	0
3006632	1	1194	0	0	0	0	0	0
3006633	1	1194	0	0	0	0	0	0
3006634	1	1194	0	0	0	0	0	0
3006635	1	1194	0	0	0	0	0	0
3006636	1	1194	0	0	0	0	0	0
3006637	1	1194	0	0	0	0	0	0
3006638	1	1194	0	0	0	0	0	0
3006639	1	1194	0	0	0	0	0	0
3006640	1	1194	0	0	0	0	0	0
3006641	1	1173	0	0	0	0	0	0
3006642	1	1194	0	0	0	0	0	0
3006643	1	1194	0	0	0	0	0	0
3006644	1	1194	0	0	0	0	0	0
3006645	1	1194	0	0	0	0	0	0
3006646	1	1194	0	0	0	0	0	0
3006647	1	1194	0	0	0	0	0	0
3006648	1	1194	0	0	0	0	0	0
3006649	1	1194	0	0	0	0	0	0
3006650	1	1194	0	0	0	0	0	0
3006651	1	1194	0	0	0	0	0	0
3006652	1	1194	0	0	0	0	0	0
3006653	1	1194	0	0	0	0	0	0
3006654	1	1194	0	0	0	0	0	0
3006655	1	1194	0	0	0	0	0	0
3006656	1	1194	0	0	0	0	0	0
3006657	1	1194	0	0	0	0	0	0
3006658	1	1194	0	0	0	0	0	0
3006659	1	1194	0	0	0	0	0	0
3006660	1	1194	0	0	0	0	0	0
3006661	1	1194	0	0	0	0	0	0
3006662	1	1194	0	0	0	0	0	0
3006663	1	1173	0	0	0	0	0	0
3006664	1	1194	0	0	0	0	0	0
3006665	1	1194	0	0	0	0	0	0
3006666	1	1194	0	0	0	0	0	0
3006667	1	1194	0	0	0	0	0	0
3006668	1	1194	0	0	0	0	0	0
3006669	1	1194	0	0	0	0	0	0
3006670	1	1194	0	0	0	0	0	0
3006671	1	1194	0	0	0	0	0	0
3006672	1	1194	0	0	0	0	0	0
3006673	1	1194	0	0	0	0	0	0
3006674	1	1194	0	0	0	0	0	0
3006675	1	1194	0	0	0	0	0	0
3006676	1	1194	0	0	0	0	0	0
3006677	1	1194	0	0	0	0	0	0
3006678	1	1194	0	0	0	0	0	0
3006679	1	1194	0	0	0	0	0	0
3006680	1	1194	0	0	0	0	0	0
3006681	1	1194	0	0	0	0	0	0
3006682	1	1194	0	0	0	0	0	0
3006683	1	1194	0	0	0	0	0	0
3006684	1	1194	0	0	0	0	0	0
3006685	1	1194	0	0	0	0	0	0
3006686	1	1194	0	0	0	0	0	0
3006687	1	1194	0	0	0	0	0	0
3006688	1	1197	0	0	0	0	0	0
3006689	1	1194	0	0	0	0	0	0
3006690	1	1194	0	0	0	0	0	0
3006691	1	1197	0	0	0	0	0	0
3006692	1	1194	0	0	0	0	0	0
3006693	1	1194	0	0	0	0	0	0
3006694	1	1194	0	0	0	0	0	0
3006695	1	1173	0	0	0	0	0	0
3006696	1	1194	0	0	0	0	0	0
3006697	1	1194	0	0	0	0	0	0
3006698	1	1194	0	0	0	0	0	0
3006699	1	1194	0	0	0	0	0	0
3006700	1	1194	0	0	0	0	0	0
3006701	1	1167	0	0	0	0	0	0
3006702	1	1167	0	0	0	0	0	0
3006703	1	1194	0	0	0	0	0	0
3006704	1	1194	0	0	0	0	0	0
3006705	1	1194	0	0	0	0	0	0
3006706	1	1194	0	0	0	0	0	0
3006707	1	1194	0	0	0	0	0	0
3006708	1	1182	0	0	0	0	0	0
3006709	1	1194	0	0	0	0	0	0
3006710	1	1194	0	0	0	0	0	0
3006711	1	1194	0	0	0	0	0	0
3006712	1	1194	0	0	0	0	0	0
3006713	1	1194	0	0	0	0	0	0
3006714	1	1194	0	0	0	0	0	0
3006715	1	1194	0	0	0	0	0	0
3006716	1	1194	0	0	0	0	0	0
3006717	1	1194	0	0	0	0	0	0
3006718	1	1197	0	0	0	0	0	0
3006719	1	1194	0	0	0	0	0	0
3006720	1	1173	0	0	0	0	0	0
3006721	1	1194	0	0	0	0	0	0
3006722	1	1194	0	0	0	0	0	0
3006723	1	1194	0	0	0	0	0	0
3006724	1	1194	0	0	0	0	0	0
3006725	1	1194	0	0	0	0	0	0
3006726	1	1194	0	0	0	0	0	0
3006727	1	1194	0	0	0	0	0	0
3006728	1	1194	0	0	0	0	0	0
3006729	1	1194	0	0	0	0	0	0
3006730	1	1194	0	0	0	0	0	0
3006731	1	1194	0	0	0	0	0	0
3006732	1	1194	0	0	0	0	0	0
3006733	1	1194	0	0	0	0	0	0
3006734	1	1194	0	0	0	0	0	0
3006735	1	1194	0	0	0	0	0	0
3006736	1	1194	0	0	0	0	0	0
3006737	1	1194	0	0	0	0	0	0
3006738	1	1194	0	0	0	0	0	0
3006739	1	1194	0	0	0	0	0	0
3006740	1	1194	0	0	0	0	0	0
3006741	1	1194	0	0	0	0	0	0
3006742	1	1194	0	0	0	0	0	0
3006743	1	1194	0	0	0	0	0	0
3006744	1	1194	0	0	0	0	0	0
3006745	1	1215	0	0	0	0	0	0
3006746	1	1194	0	0	0	0	0	0
3006747	1	1197	0	0	0	0	0	0
3006748	1	1194	0	0	0	0	0	0
3006749	1	1176	0	0	0	0	0	0
3006750	1	1194	0	0	0	0	0	0
3006751	1	1194	0	0	0	0	0	0
3006752	1	1194	0	0	0	0	0	0
3006753	1	1194	0	0	0	0	0	0
3006754	1	1194	0	0	0	0	0	0
3006755	1	1194	0	0	0	0	0	0
3006756	1	1194	0	0	0	0	0	0
3006757	1	1194	0	0	0	0	0	0
3006758	1	1194	0	0	0	0	0	0
3006759	1	1194	0	0	0	0	0	0
3006760	1	1194	0	0	0	0	0	0
3006761	1	1194	0	0	0	0	0	0
3006762	1	1173	0	0	0	0	0	0
3006763	1	1188	0	0	0	0	0	0
3006764	1	1194	0	0	0	0	0	0
3006765	1	1194	0	0	0	0	0	0
3006766	1	1194	0	0	0	0	0	0
3006767	1	1194	0	0	0	0	0	0
3006768	1	1197	0	0	0	0	0	0
3006769	1	1194	0	0	0	0	0	0
3006770	1	1194	0	0	0	0	0	0
3006771	1	1194	0	0	0	0	0	0
3006772	1	1194	0	0	0	0	0	0
3006773	1	1194	0	0	0	0	0	0
3006774	1	1194	0	0	0	0	0	0
3006775	1	1194	0	0	0	0	0	0
3006776	1	1194	0	0	0	0	0	0
3006777	1	1194	0	0	0	0	0	0
3006778	1	1194	0	0	0	0	0	0
3006779	1	1194	0	0	0	0	0	0
3006780	1	1194	0	0	0	0	0	0
3006781	1	1194	0	0	0	0	0	0
3006782	1	1194	0	0	0	0	0	0
3006783	1	1194	0	0	0	0	0	0
3006784	1	1194	0	0	0	0	0	0
3006785	1	1194	0	0	0	0	0	0
3006786	1	1194	0	0	0	0	0	0
3006787	1	1137	0	0	0	0	0	0
3006788	1	1194	0	0	0	0	0	0
3006789	1	1194	0	0	0	0	0	0
3006790	1	1194	0	0	0	0	0	0
3006791	1	1194	0	0	0	0	0	0
3006792	1	1194	0	0	0	0	0	0
3006793	1	1194	0	0	0	0	0	0
3006794	1	1194	0	0	0	0	0	0
3006795	1	1194	0	0	0	0	0	0
3006796	1	1194	0	0	0	0	0	0
3006797	1	1194	0	0	0	0	0	0
3006798	1	1194	0	0	0	0	0	0
3006799	1	1194	0	0	0	0	0	0
3006800	1	1194	0	0	0	0	0	0
3006801	1	1194	0	0	0	0	0	0
3006802	1	1194	0	0	0	0	0	0
3006803	1	1194	0	0	0	0	0	0
3006804	1	1194	0	0	0	0	0	0
3006805	1	1194	0	0	0	0	0	0
3006806	1	1194	0	0	0	0	0	0
3006807	1	1194	0	0	0	0	0	0
3006808	1	1194	0	0	0	0	0	0
3006809	1	1194	0	0	0	0	0	0
3006810	1	1194	0	0	0	0	0	0
3006811	1	1194	0	0	0	0	0	0
3006812	1	1194	0	0	0	0	0	0
3006813	1	1194	0	0	0	0	0	0
3006814	1	1194	0	0	0	0	0	0
3006815	1	1194	0	0	0	0	0	0
3006816	1	1194	0	0	0	0	0	0
3006817	1	1194	0	0	0	0	0	0
3006818	1	1194	0	0	0	0	0	0
3006819	1	1194	0	0	0	0	0	0
3006820	1	1194	0	0	0	0	0	0
3006821	1	1194	0	0	0	0	0	0
3006822	1	1194	0	0	0	0	0	0
3006823	1	1194	0	0	0	0	0	0
3006824	1	1194	0	0	0	0	0	0
3006825	1	1194	0	0	0	0	0	0
3006826	1	1194	0	0	0	0	0	0
3006827	1	1194	0	0	0	0	0	0
3006828	1	1194	0	0	0	0	0	0
3006829	1	1194	0	0	0	0	0	0
3006830	1	1194	0	0	0	0	0	0
3006831	1	1194	0	0	0	0	0	0
3006832	1	1194	0	0	0	0	0	0
3006833	1	1194	0	0	0	0	0	0
3006834	1	1194	0	0	0	0	0	0
3006835	1	1194	0	0	0	0	0	0
3006836	1	1194	0	0	0	0	0	0
3006837	1	1194	0	0	0	0	0	0
3006838	1	1194	0	0	0	0	0	0
3006839	1	1179	0	0	0	0	0	0
3006840	1	1194	0	0	0	0	0	0
3006841	1	1194	0	0	0	0	0	0
3006842	1	1194	0	0	0	0	0	0
3006843	1	1194	0	0	0	0	0	0
3006844	1	1194	0	0	0	0	0	0
3006845	1	1194	0	0	0	0	0	0
3006846	1	1194	0	0	0	0	0	0
3006847	1	1194	0	0	0	0	0	0
3006848	1	1194	0	0	0	0	0	0
3006849	1	1194	0	0	0	0	0	0
3006850	1	1194	0	0	0	0	0	0
3006851	1	1194	0	0	0	0	0	0
3006852	1	1194	0	0	0	0	0	0
3006135	1	927	0	0	0	0	0	0
3006965	1	762	0	0	0	0	0	0
3006966	1	762	0	0	0	0	0	0
3006967	1	762	0	0	0	0	0	0
3006972	1	870	0	0	0	0	0	0
3006973	1	930	0	0	0	0	0	0
3006974	1	861	0	0	0	0	0	0
3006975	1	861	0	0	0	0	0	0
3006976	1	729	0	0	0	0	0	0
3006977	1	729	0	0	0	0	0	0
3006978	1	888	0	0	0	0	0	0
3006979	1	888	0	0	0	0	0	0
3006980	1	888	0	0	0	0	0	0
3006981	1	933	0	0	0	0	0	0
3006982	1	774	0	0	0	0	0	0
3006983	1	759	0	0	0	0	0	0
3006984	1	855	0	0	0	0	0	0
3006985	1	930	0	0	0	0	0	0
3006986	1	888	0	0	0	0	0	0
3006987	1	966	0	0	0	0	0	0
3006988	1	930	0	0	0	0	0	0
3006989	1	930	0	0	0	0	0	0
3006990	1	930	0	0	0	0	0	0
3006991	1	981	0	0	0	0	0	0
3006992	1	981	0	0	0	0	0	0
3006993	1	981	0	0	0	0	0	0
3006994	1	714	0	0	0	0	0	0
3001164	1	861	0	0	0	0	0	0
3001165	1	861	0	0	0	0	0	0
3001341	1	861	0	0	0	0	0	0
3001346	1	861	0	0	0	0	0	0
3001355	1	861	0	0	0	0	0	0
3003590	1	861	0	0	0	0	0	0
3003591	1	861	0	0	0	0	0	0
3005494	1	741	0	0	0	0	0	0
3006995	1	837	0	0	0	0	0	0
3006996	1	897	0	0	0	0	0	0
3006997	1	831	0	0	0	0	0	0
3006998	1	882	0	0	0	0	0	0
3006853	1	1137	0	0	0	0	0	0
3006999	1	1137	0	0	0	0	0	0
3007000	1	786	0	0	0	0	0	0
3007001	1	855	0	0	0	0	0	0
3007007	1	855	0	0	0	0	0	0
3007002	1	732	0	0	0	0	0	0
3007003	1	852	0	0	0	0	0	0
3007004	1	873	0	0	0	0	0	0
3002310	1	801	0	0	0	0	0	0
3002311	1	801	0	0	0	0	0	0
3003660	1	801	0	0	0	0	0	0
3003661	1	801	0	0	0	0	0	0
3003662	1	801	0	0	0	0	0	0
3005495	1	801	0	0	0	0	0	0
3005496	1	801	0	0	0	0	0	0
3005497	1	801	0	0	0	0	0	0
3005498	1	801	0	0	0	0	0	0
3005499	1	801	0	0	0	0	0	0
3005500	1	801	0	0	0	0	0	0
3005501	1	801	0	0	0	0	0	0
3005502	1	801	0	0	0	0	0	0
3005503	1	801	0	0	0	0	0	0
3005504	1	801	0	0	0	0	0	0
3005505	1	801	0	0	0	0	0	0
3005506	1	801	0	0	0	0	0	0
3005507	1	801	0	0	0	0	0	0
3005508	1	801	0	0	0	0	0	0
3005509	1	798	0	0	0	0	0	0
3005510	1	801	0	0	0	0	0	0
3005511	1	801	0	0	0	0	0	0
3005512	1	801	0	0	0	0	0	0
3005513	1	801	0	0	0	0	0	0
3005514	1	801	0	0	0	0	0	0
3005515	1	801	0	0	0	0	0	0
3005516	1	801	0	0	0	0	0	0
3005517	1	798	0	0	0	0	0	0
3005518	1	801	0	0	0	0	0	0
3005519	1	801	0	0	0	0	0	0
3005520	1	801	0	0	0	0	0	0
3005521	1	801	0	0	0	0	0	0
3007005	1	741	0	0	0	0	0	0
3007006	1	744	0	0	0	0	0	0
3007010	1	1389	0	0	0	0	0	0
3007011	1	1362	0	0	0	0	0	0
3007012	1	474	0	0	0	0	0	0
3007013	1	1344	0	0	0	0	0	0
3007014	1	324	0	0	0	0	0	0
3007015	1	324	0	0	0	0	0	0
3007017	1	810	0	0	0	0	0	0
3007019	1	1410	0	0	0	0	0	0
3007021	1	762	0	0	0	0	0	0
3007023	1	813	0	0	0	0	0	0
3004452	1	687	0	0	0	0	0	0
3002671	1	717	0	0	0	0	0	0
3002955	1	912	0	0	0	0	0	0
3002966	1	573	0	0	0	0	0	0
3002942	1	969	0	0	0	0	0	0
3002949	1	609	0	0	0	0	0	0
3003565	1	915	0	0	0	0	0	0
3002932	1	1344	0	0	0	0	0	0
3002943	1	972	0	0	0	0	0	0
3002924	1	690	0	0	0	0	0	0
3002970	1	2097	0	0	0	0	0	0
3000806	1	447	0	0	0	0	0	0
3002964	1	828	0	0	0	0	0	0
3001308	1	888	0	0	0	0	0	0
3002971	1	2109	0	0	0	0	0	0
3002957	1	417	0	0	0	0	0	0
3001307	1	900	0	0	0	0	0	0
3000808	1	3090	0	0	0	0	0	0
3002963	1	621	0	0	0	0	0	0
3000847	1	726	0	0	0	0	0	0
3002936	1	1098	0	0	0	0	0	0
3003689	1	1626	0	0	0	0	0	0
3003710	1	639	0	0	0	0	0	0
3001744	1	840	0	0	0	0	0	0
3000510	1	3102	0	0	0	0	0	0
3000521	1	3075	0	0	0	0	0	0
3003796	1	1152	0	0	0	0	0	0
3003894	1	909	0	0	0	0	0	0
3003971	1	732	0	0	0	0	0	0
3003952	1	1644	0	0	0	0	0	0
3003981	1	816	0	0	0	0	0	0
3004092	1	726	0	0	0	0	0	0
3004110	1	1617	0	0	0	0	0	0
3004516	1	1698	0	0	0	0	0	0
3004595	1	738	0	0	0	0	0	0
3005008	1	957	0	0	0	0	0	0
3007026	1	1626	0	0	0	0	0	0
3007027	1	1626	0	0	0	0	0	0
3007028	1	1635	0	0	0	0	0	0
3007029	1	1632	0	0	0	0	0	0
3002973	1	990	0	0	0	0	0	0
3002959	1	840	0	0	0	0	0	0
3002937	1	1107	0	0	0	0	0	0
3002941	1	1038	0	0	0	0	0	0
3002969	1	573	0	0	0	0	0	0
3002938	1	1095	0	0	0	0	0	0
3002928	1	699	0	0	0	0	0	0
3004253	1	228	0	0	0	0	0	0
3002940	1	1095	0	0	0	0	0	0
3002929	1	693	0	0	0	0	0	0
3002939	1	1113	0	0	0	0	0	0
3002974	1	1101	0	0	0	0	0	0
3002965	1	846	0	0	0	0	0	0
3002930	1	702	0	0	0	0	0	0
3002947	1	981	0	0	0	0	0	0
3002968	1	582	0	0	0	0	0	0
3002975	1	2103	0	0	0	0	0	0
3003724	1	1122	0	0	0	0	0	0
3003727	1	1128	0	0	0	0	0	0
3007041	1	930	0	0	0	0	0	0
3007042	1	1458	0	0	0	0	0	0
3007043	1	1458	0	0	0	0	0	0
3007044	1	1194	0	0	0	0	0	0
3007033	1	792	0	0	0	0	0	0
3007047	1	330	0	0	0	0	0	0
3007049	1	1194	0	0	0	0	0	0
3007050	1	936	0	0	0	0	0	0
3001745	1	798	0	0	0	0	0	0
3007106	1	495	0	0	0	0	0	0
3007062	1	741	0	0	0	0	0	0
3007032	1	792	0	0	0	0	0	0
3005337	1	822	0	0	0	0	0	0
3007069	1	423	0	0	0	0	0	0
3007070	1	1626	0	0	0	0	0	0
3007075	1	846	0	0	0	0	0	0
3005121	1	1494	0	0	0	0	0	0
3007085	1	1140	0	0	0	0	0	0
3007097	1	423	0	0	0	0	0	0
3007098	1	420	0	0	0	0	0	0
3007099	1	429	0	0	0	0	0	0
3007101	1	951	0	0	0	0	0	0
3007104	1	531	0	0	0	0	0	0
3007105	1	492	0	0	0	0	0	0
3007107	1	513	0	0	0	0	0	0
3007108	1	453	0	0	0	0	0	0
3007109	1	495	0	0	0	0	0	0
3007110	1	453	0	0	0	0	0	0
3007111	1	519	0	0	0	0	0	0
3007112	1	498	0	0	0	0	0	0
3007113	1	507	0	0	0	0	0	0
3004655	1	495	0	0	0	0	0	0
3007118	1	1053	0	0	0	0	0	0
3004613	1	1248	0	0	0	0	0	0
3004650	1	318	0	0	0	0	0	0
3004719	1	1167	0	0	0	0	0	0
3005056	1	1137	0	0	0	0	0	0
3005166	1	1080	0	0	0	0	0	0
3007125	1	918	0	0	0	0	0	0
3007126	1	933	0	0	0	0	0	0
3005072	1	918	0	0	0	0	0	0
3002891	1	1992	0	0	0	0	0	0
3007127	1	1920	0	0	0	0	0	0
3007180	1	870	0	0	0	0	0	0
3007182	1	924	0	0	0	0	0	0
3007188	1	945	0	0	0	0	0	0
3007189	1	1029	0	0	0	0	0	0
3007190	1	609	0	0	0	0	0	0
3007191	1	720	0	0	0	0	0	0
3007192	1	1080	0	0	0	0	0	0
3002597	1	1440	0	0	0	0	0	0
